ML Catalog Number,Format,Common Name,Scientific Name,Background Species,Recordist,Date,Year,Month,Day,Time,Country,Country-State-County,State,County,Locality,Latitude,Longitude,Age/Sex,Behaviors,Playback,Captive,Collected,Specimen ID,Home Archive Catalog Number,Recorder,Microphone,Accessory,Partner Institution,eBird Checklist ID,Unconfirmed,Air Temp(°C),Water Temp(°C),Media notes,Observation Details,Parent Species,eBird Species Code,Taxon Category,Taxonomic Sort,Recordist 2,Average Community Rating,Number of Ratings,Asset Tags,Original Image Height,Original Image Width
629027206,Photo,Red-headed Quelea,Quelea erythrops,,Betül Özdemir,2025-01-10,2025,1,10,1600,Tanzania,TZ-24,Tabora,,Igombe Dam,-4.8650205,32.7456057,"",,Unspecified,"","",,,,,,,S209123251,"",,,,,Quelea erythrops,rehque1,Species,30647,,4.00,1,,1775,2662
629027207,Photo,Red-headed Quelea,Quelea erythrops,,Betül Özdemir,2025-01-10,2025,1,10,1600,Tanzania,TZ-24,Tabora,,Igombe Dam,-4.8650205,32.7456057,"",,Unspecified,"","",,,,,,,S209123251,"",,,,,Quelea erythrops,rehque1,Species,30647,,.00,0,,2181,3271
628878301,Photo,Red-headed Quelea,Quelea erythrops,,Fikret Ataşalan,2025-01-10,2025,1,10,1600,Tanzania,TZ-24,Tabora,,Tabora Igombe Dam,-4.8571538,32.7455048,"",,Unspecified,"","",,,,,,,S208738533,"",,,,,Quelea erythrops,rehque1,Species,30647,,5.00,1,,2647,3971
628878300,Photo,Red-headed Quelea,Quelea erythrops,,Fikret Ataşalan,2025-01-10,2025,1,10,1600,Tanzania,TZ-24,Tabora,,Tabora Igombe Dam,-4.8571538,32.7455048,"",,Unspecified,"","",,,,,,,S208738533,"",,,,,Quelea erythrops,rehque1,Species,30647,,4.00,1,,2150,3225
628293640,Photo,Red-headed Quelea,Quelea erythrops,,Morten Winther Dahl,2024-12-01,2024,12,1,1120,South Africa,ZA-NL,Kwazulu-Natal,,Emoyeni Grassland,-29.0005845,31.6638154,"",,Unspecified,"","",,,,,,,S204203435,"",,,,,Quelea erythrops,rehque1,Species,30647,,.00,0,,2709,3932
628293636,Photo,Red-headed Quelea,Quelea erythrops,,Morten Winther Dahl,2024-12-01,2024,12,1,1120,South Africa,ZA-NL,Kwazulu-Natal,,Emoyeni Grassland,-29.0005845,31.6638154,"",,Unspecified,"","",,,,,,,S204203435,"",,,,,Quelea erythrops,rehque1,Species,30647,,.00,0,,3119,4159
628293632,Photo,Red-headed Quelea,Quelea erythrops,,Morten Winther Dahl,2024-12-01,2024,12,1,1120,South Africa,ZA-NL,Kwazulu-Natal,,Emoyeni Grassland,-29.0005845,31.6638154,"",,Unspecified,"","",,,,,,,S204203435,"",,,,,Quelea erythrops,rehque1,Species,30647,,.00,0,,2651,3651
627779172,Photo,Red-headed Quelea,Quelea erythrops,,Tom & Jenny Jackman,2024-11-30,2024,11,30,819,Uganda,UG-W,Western,,Lake Mburo NP,-0.5743150,30.9894043,"",,Unspecified,"","",,,,,,,S204933474,"",,,,,Quelea erythrops,rehque1,Species,30647,,.00,0,,889,1119
627694595,Photo,Red-headed Quelea,Quelea erythrops,,Jens Thalund,2012-11-01,2012,11,1,630,Ethiopia,ET-GA,Gambela Peoples,,Gambela (town),8.2484195,34.5874500,"",,Unspecified,"","",,,,,,,S20684505,"",,,,,Quelea erythrops,rehque1,Species,30647,,.00,0,,972,1275
627694596,Photo,Red-headed Quelea,Quelea erythrops,,Jens Thalund,2012-11-01,2012,11,1,630,Ethiopia,ET-GA,Gambela Peoples,,Gambela (town),8.2484195,34.5874500,"",,Unspecified,"","",,,,,,,S20684505,"",,,,,Quelea erythrops,rehque1,Species,30647,,.00,0,,1007,1225
627694598,Photo,Red-headed Quelea,Quelea erythrops,,Jens Thalund,2012-11-01,2012,11,1,630,Ethiopia,ET-GA,Gambela Peoples,,Gambela (town),8.2484195,34.5874500,"",,Unspecified,"","",,,,,,,S20684505,"",,,,,Quelea erythrops,rehque1,Species,30647,,.00,0,,987,1250
627694597,Photo,Red-headed Quelea,Quelea erythrops,,Jens Thalund,2012-11-01,2012,11,1,630,Ethiopia,ET-GA,Gambela Peoples,,Gambela (town),8.2484195,34.5874500,"",,Unspecified,"","",,,,,,,S20684505,"",,,,,Quelea erythrops,rehque1,Species,30647,,.00,0,,993,1250
627686905,Photo,Red-headed Quelea,Quelea erythrops,,Michael Plaster,2024-12-01,2024,12,1,1120,South Africa,ZA-NL,Kwazulu-Natal,,Emoyeni Grassland,-29.0005845,31.6638154,Adult Male – 1,"",Unspecified,"","",,,,,,,S204187864,"",,,,,Quelea erythrops,rehque1,Species,30647,,5.00,1,Habitat,1014,1520
627565020,Photo,Red-headed Quelea,Quelea erythrops,,Donald Wellmann,2024-11-15,2024,11,15,1630,Ghana,GH-EP,Eastern,,Atewa--farm scrub and degraded forest,6.2293104,-0.5271194,"",,Unspecified,"","",,,,,,,S205528153,"",,,,,Quelea erythrops,rehque1,Species,30647,,.00,0,,2218,3116
627495283,Photo,Red-headed Quelea,Quelea erythrops,,Bradley Hacker 🦜,2024-12-09,2024,12,9,859,South Africa,ZA-NL,Kwazulu-Natal,,Fairbreeze--Tronox Ponds (restricted access),-29.0053834,31.6525485,"",,Unspecified,"","",,,,,,,S204912736,"",,,,,Quelea erythrops,rehque1,Species,30647,,5.00,2,,921,1381
627495282,Photo,Red-headed Quelea,Quelea erythrops,,Bradley Hacker 🦜,2024-12-09,2024,12,9,859,South Africa,ZA-NL,Kwazulu-Natal,,Fairbreeze--Tronox Ponds (restricted access),-29.0053834,31.6525485,"",,Unspecified,"","",,,,,,,S204912736,"",,,,,Quelea erythrops,rehque1,Species,30647,,4.00,1,,805,1207
627495281,Photo,Red-headed Quelea,Quelea erythrops,,Bradley Hacker 🦜,2024-12-09,2024,12,9,859,South Africa,ZA-NL,Kwazulu-Natal,,Fairbreeze--Tronox Ponds (restricted access),-29.0053834,31.6525485,"",,Unspecified,"","",,,,,,,S204912736,"",,,,,Quelea erythrops,rehque1,Species,30647,,5.00,1,,829,1244
627495284,Photo,Red-headed Quelea,Quelea erythrops,,Bradley Hacker 🦜,2024-12-09,2024,12,9,859,South Africa,ZA-NL,Kwazulu-Natal,,Fairbreeze--Tronox Ponds (restricted access),-29.0053834,31.6525485,"",,Unspecified,"","",,,,,,,S204912736,"",,,,,Quelea erythrops,rehque1,Species,30647,,5.00,1,,839,1259
627347939,Photo,Red-headed Quelea,Quelea erythrops,,Hans Nicolai,2016-11-23,2016,11,23,600,Ghana,GH-WP,Western,,Nsuta Forest,5.2990398,-1.6440673,"",,Unspecified,"","",,,,,,,S204825791,"",,,,,Quelea erythrops,rehque1,Species,30647,,.00,0,,1117,1676
626821291,Photo,Red-headed Quelea,Quelea erythrops,,Dermot Breen,2024-11-18,2024,11,18,1148,South Africa,ZA-NL,Kwazulu-Natal,,Fairbreeze--Tronox Ponds (restricted access),-29.0053834,31.6525485,"",,Unspecified,"","",,,,,,,S202929805,"",,,,Building nests in reedbed.,Quelea erythrops,rehque1,Species,30647,,.00,0,,3060,4080
626821290,Photo,Red-headed Quelea,Quelea erythrops,,Dermot Breen,2024-11-18,2024,11,18,1148,South Africa,ZA-NL,Kwazulu-Natal,,Fairbreeze--Tronox Ponds (restricted access),-29.0053834,31.6525485,"",,Unspecified,"","",,,,,,,S202929805,"",,,,Building nests in reedbed.,Quelea erythrops,rehque1,Species,30647,,.00,0,,2079,2772
626202997,Photo,Red-headed Quelea,Quelea erythrops,,Fikret Ataşalan,2024-11-03,2024,11,3,1140,Tanzania,TZ-24,Tabora,,Kisanga Village,-5.5447088,33.2627677,"",,Unspecified,"","",,,,,,,S201359696,"",,,,,Quelea erythrops,rehque1,Species,30647,,3.00,1,,2230,3345
626027431,Photo,Red-headed Quelea,Quelea erythrops,,Julien Birard,2024-03-31,2024,3,31,1638,Congo,CG-7,Likouala,,"Epéna zone nord, Likouala, CG (1,356, 17,455)",1.3564438,17.4548640,"",,Unspecified,"","",,,,,,,S166799928,"",,,,,Quelea erythrops,rehque1,Species,30647,,5.00,1,,2602,3951
625490999,Photo,Red-headed Quelea,Quelea erythrops,,Jimmy Kirby,2024-10-26,2024,10,26,1747,South Africa,ZA-NL,Kwazulu-Natal,,Fairbreeze--Tronox Ponds (restricted access),-29.0053834,31.6525485,"",,Unspecified,"","",,,,,,,S200330816,"",,,,,Quelea erythrops,rehque1,Species,30647,,.00,0,,1365,2048
624772518,Photo,Red-headed Quelea,Quelea erythrops,,Richard Edden,2024-09-27,2024,9,27,1012,Ghana,GH-NP,Northern,,"Damongo - Sawla Road, West Gonja GH-Savannah 9.16319, -1.44972",9.1631920,-1.4497200,"",,Unspecified,"","",,,,,,,S196600894,"",,,,,Quelea erythrops,rehque1,Species,30647,,.00,0,,829,553
623336920,Photo,Red-headed Quelea,Quelea erythrops,,Anne Heyerly,2024-07-14,2024,7,14,809,Uganda,UG-W,Western,,Murchison Falls NP--Boat trip Paraa to Murchison Falls,2.2737674,31.6184006,"","",Unspecified,"","",,,,,,,S187020329,"",,,,,Quelea erythrops,rehque1,Species,30647,,3.50,2,Habitat,3359,4715
623336919,Photo,Red-headed Quelea,Quelea erythrops,,Anne Heyerly,2024-07-14,2024,7,14,809,Uganda,UG-W,Western,,Murchison Falls NP--Boat trip Paraa to Murchison Falls,2.2737674,31.6184006,"",,Unspecified,"","",,,,,,,S187020329,"",,,,,Quelea erythrops,rehque1,Species,30647,,2.00,1,,1059,1453
623336918,Photo,Red-headed Quelea,Quelea erythrops,,Anne Heyerly,2024-07-14,2024,7,14,809,Uganda,UG-W,Western,,Murchison Falls NP--Boat trip Paraa to Murchison Falls,2.2737674,31.6184006,"",,Unspecified,"","",,,,,,,S187020329,"",,,,,Quelea erythrops,rehque1,Species,30647,,3.00,1,,1322,1994
623336917,Photo,Red-headed Quelea,Quelea erythrops,,Anne Heyerly,2024-07-14,2024,7,14,809,Uganda,UG-W,Western,,Murchison Falls NP--Boat trip Paraa to Murchison Falls,2.2737674,31.6184006,"",,Unspecified,"","",,,,,,,S187020329,"",,,,,Quelea erythrops,rehque1,Species,30647,,5.00,1,,842,1146
623111919,Photo,Red-headed Quelea,Quelea erythrops,,Robert Rodrigues,2024-07-14,2024,7,14,809,Uganda,UG-W,Western,,Murchison Falls NP--Boat trip Paraa to Murchison Falls,2.2737674,31.6184006,"",,Unspecified,"","",,,,,,,S187020328,"",,,,,Quelea erythrops,rehque1,Species,30647,,.00,0,,900,1391
622562611,Photo,Red-headed Quelea,Quelea erythrops,,Eileen Gibney,2023-09-01,2023,9,1,644,Uganda,UG-W,Western,,Budongo Forest Reserve,1.7313191,31.5822601,"",,Unspecified,"","",,,,,,,S148685139,"",,,,,Quelea erythrops,rehque1,Species,30647,,.00,0,,1581,2372
622541813,Photo,Red-headed Quelea,Quelea erythrops,,Neil Osborne,2017-11-19,2017,11,19,0,Ghana,GH-EP,Eastern,,"Atewa--Bunso road, scrub, and degraded forest",6.2821400,-0.4861594,"",,Unspecified,"","",,,,,,,S191535760,"",,,,,Quelea erythrops,rehque1,Species,30647,,.00,0,,2335,3502
622384407,Photo,Red-headed Quelea,Quelea erythrops,,Steve Popple,2024-07-14,2024,7,14,809,Uganda,UG-W,Western,,Murchison Falls NP--Boat trip Paraa to Murchison Falls,2.2737674,31.6184006,"Adult – 4; Immature – 4",,Unspecified,"","",,,,,,,S187020332,"",,,,,Quelea erythrops,rehque1,Species,30647,,3.00,1,,933,1400
622384406,Photo,Red-headed Quelea,Quelea erythrops,,Steve Popple,2024-07-14,2024,7,14,809,Uganda,UG-W,Western,,Murchison Falls NP--Boat trip Paraa to Murchison Falls,2.2737674,31.6184006,"Adult – 5; Immature – 3",,Unspecified,"","",,,,,,,S187020332,"",,,,,Quelea erythrops,rehque1,Species,30647,,3.00,1,,933,1400
622314971,Photo,Red-headed Quelea,Quelea erythrops,,Carol Popple,2024-07-14,2024,7,14,809,Uganda,UG-W,Western,,Murchison Falls NP--Boat trip Paraa to Murchison Falls,2.2737674,31.6184006,"",,Unspecified,"","",,,,,,,S187020327,"",,,,,Quelea erythrops,rehque1,Species,30647,,3.00,1,,933,1400
622252862,Photo,Red-headed Quelea,Quelea erythrops,,Robert Lockett,2024-07-14,2024,7,14,809,Uganda,UG-W,Western,,Murchison Falls NP--Boat trip Paraa to Murchison Falls,2.2737674,31.6184006,"",,Unspecified,"","",,,,,,,S187066300,"",,,,,Quelea erythrops,rehque1,Species,30647,,3.00,1,,3002,4798
621375545,Photo,Red-headed Quelea,Quelea erythrops,,Simon  Allen,2024-07-10,2024,7,10,1550,Kenya,KE-300,Coast,,Lake Jilore,-3.1970576,39.9005950,"",,Unspecified,"","",,,,,,,S186358356,"",,,,female plumaged bird photographed with a flock of bishops and weavers,Quelea erythrops,rehque1,Species,30647,,4.00,2,,787,835
621027820,Photo,Red-headed Quelea,Quelea erythrops,,Peter Hinow,2024-06-20,2024,6,20,1328,South Africa,ZA-NL,Kwazulu-Natal,,Scottburgh,-30.2873420,30.7587499,"",,Unspecified,"","",,,,,,,S182634734,"",,,,,Quelea erythrops,rehque1,Species,30647,,3.00,1,,1365,2048
620717754,Photo,Red-headed Quelea,Quelea erythrops,,bob butler,2024-06-02,2024,6,2,645,Uganda,UG-N,Northern,,Murchison Falls NP--Pakuba,2.3337603,31.4664316,"Adult Female – 1; Adult Male – 3",,Unspecified,"","",,,,,,,S180415361,"",,,,,Quelea erythrops,rehque1,Species,30647,,3.00,1,,1855,2469
620717707,Photo,Red-headed Quelea,Quelea erythrops,Quelea quelea -- Red-billed Quelea,bob butler,2024-06-02,2024,6,2,645,Uganda,UG-N,Northern,,Murchison Falls NP--Pakuba,2.3337603,31.4664316,"Adult Female – 1; Adult Male – 3",,Unspecified,"","",,,,,,,S180415361,"",,,,,Quelea erythrops,rehque1,Species,30647,,3.00,1,,1984,2644
620717706,Photo,Red-headed Quelea,Quelea erythrops,,bob butler,2024-06-02,2024,6,2,645,Uganda,UG-N,Northern,,Murchison Falls NP--Pakuba,2.3337603,31.4664316,"Adult Female – 2; Adult Male – 1",,Unspecified,"","",,,,,,,S180415361,"",,,,,Quelea erythrops,rehque1,Species,30647,,3.00,1,,1783,2379
620717705,Photo,Red-headed Quelea,Quelea erythrops,Quelea quelea -- Red-billed Quelea,bob butler,2024-06-02,2024,6,2,645,Uganda,UG-N,Northern,,Murchison Falls NP--Pakuba,2.3337603,31.4664316,Adult Male – 1,,Unspecified,"","",,,,,,,S180415361,"",,,,,Quelea erythrops,rehque1,Species,30647,,3.00,1,,914,1225
620075827,Photo,Red-headed Quelea,Quelea erythrops,,Jonathan Onongo,2024-05-29,2024,5,29,754,Uganda,UG-W,Western,,"Kabango, Bujenje UG-Western (1.6803,31.5866)",1.6802840,31.5865810,"",,Unspecified,"","",,,,,,,S179205467,"",,,,,Quelea erythrops,rehque1,Species,30647,,2.00,1,,3456,4608
617468980,Photo,Red-headed Quelea,Quelea erythrops,,Cameron Blair,2017-08-05,2017,8,5,1308,South Africa,ZA-LP,Limpopo,,Raptors View Wildlife Estate,-24.3634268,30.9541656,"",,Unspecified,"","",,,,,,,S168883460,"",,,,"As far as I am aware, first and only record from Limpopo for this species. Similar in size to Red-billed Quelea with a deeper bill base and yellow wash to the face and breast. Single individual among large numbers of RB Quelea. See attached photos.",Quelea erythrops,rehque1,Species,30647,,2.00,1,,1072,1340
617468979,Photo,Red-headed Quelea,Quelea erythrops,,Cameron Blair,2017-08-05,2017,8,5,1308,South Africa,ZA-LP,Limpopo,,Raptors View Wildlife Estate,-24.3634268,30.9541656,"",,Unspecified,"","",,,,,,,S168883460,"",,,,"As far as I am aware, first and only record from Limpopo for this species. Similar in size to Red-billed Quelea with a deeper bill base and yellow wash to the face and breast. Single individual among large numbers of RB Quelea. See attached photos.",Quelea erythrops,rehque1,Species,30647,,3.00,1,,991,1239
617468977,Photo,Red-headed Quelea,Quelea erythrops,,Cameron Blair,2017-08-05,2017,8,5,1308,South Africa,ZA-LP,Limpopo,,Raptors View Wildlife Estate,-24.3634268,30.9541656,"",,Unspecified,"","",,,,,,,S168883460,"",,,,"As far as I am aware, first and only record from Limpopo for this species. Similar in size to Red-billed Quelea with a deeper bill base and yellow wash to the face and breast. Single individual among large numbers of RB Quelea. See attached photos.",Quelea erythrops,rehque1,Species,30647,,1.00,1,,1010,1263
617468976,Photo,Red-headed Quelea,Quelea erythrops,,Cameron Blair,2017-08-05,2017,8,5,1308,South Africa,ZA-LP,Limpopo,,Raptors View Wildlife Estate,-24.3634268,30.9541656,"",,Unspecified,"","",,,,,,,S168883460,"",,,,"As far as I am aware, first and only record from Limpopo for this species. Similar in size to Red-billed Quelea with a deeper bill base and yellow wash to the face and breast. Single individual among large numbers of RB Quelea. See attached photos.",Quelea erythrops,rehque1,Species,30647,,3.00,1,,1011,1264
617468975,Photo,Red-headed Quelea,Quelea erythrops,,Cameron Blair,2017-08-05,2017,8,5,1308,South Africa,ZA-LP,Limpopo,,Raptors View Wildlife Estate,-24.3634268,30.9541656,"",,Unspecified,"","",,,,,,,S168883460,"",,,,"As far as I am aware, first and only record from Limpopo for this species. Similar in size to Red-billed Quelea with a deeper bill base and yellow wash to the face and breast. Single individual among large numbers of RB Quelea. See attached photos.",Quelea erythrops,rehque1,Species,30647,,5.00,1,,864,1080
617468973,Photo,Red-headed Quelea,Quelea erythrops,,Cameron Blair,2017-08-05,2017,8,5,1308,South Africa,ZA-LP,Limpopo,,Raptors View Wildlife Estate,-24.3634268,30.9541656,"",,Unspecified,"","",,,,,,,S168883460,"",,,,"As far as I am aware, first and only record from Limpopo for this species. Similar in size to Red-billed Quelea with a deeper bill base and yellow wash to the face and breast. Single individual among large numbers of RB Quelea. See attached photos.",Quelea erythrops,rehque1,Species,30647,,.00,0,,837,1047
617468967,Photo,Red-headed Quelea,Quelea erythrops,,Cameron Blair,2017-08-05,2017,8,5,1308,South Africa,ZA-LP,Limpopo,,Raptors View Wildlife Estate,-24.3634268,30.9541656,"",,Unspecified,"","",,,,,,,S168883460,"",,,,"As far as I am aware, first and only record from Limpopo for this species. Similar in size to Red-billed Quelea with a deeper bill base and yellow wash to the face and breast. Single individual among large numbers of RB Quelea. See attached photos.",Quelea erythrops,rehque1,Species,30647,,.00,0,,612,490
617468969,Photo,Red-headed Quelea,Quelea erythrops,,Cameron Blair,2017-08-05,2017,8,5,1308,South Africa,ZA-LP,Limpopo,,Raptors View Wildlife Estate,-24.3634268,30.9541656,"",,Unspecified,"","",,,,,,,S168883460,"",,,,"As far as I am aware, first and only record from Limpopo for this species. Similar in size to Red-billed Quelea with a deeper bill base and yellow wash to the face and breast. Single individual among large numbers of RB Quelea. See attached photos.",Quelea erythrops,rehque1,Species,30647,,.00,0,,750,600
617468972,Photo,Red-headed Quelea,Quelea erythrops,,Cameron Blair,2017-08-05,2017,8,5,1308,South Africa,ZA-LP,Limpopo,,Raptors View Wildlife Estate,-24.3634268,30.9541656,"",,Unspecified,"","",,,,,,,S168883460,"",,,,"As far as I am aware, first and only record from Limpopo for this species. Similar in size to Red-billed Quelea with a deeper bill base and yellow wash to the face and breast. Single individual among large numbers of RB Quelea. See attached photos.",Quelea erythrops,rehque1,Species,30647,,.00,0,,774,968
617468968,Photo,Red-headed Quelea,Quelea erythrops,,Cameron Blair,2017-08-05,2017,8,5,1308,South Africa,ZA-LP,Limpopo,,Raptors View Wildlife Estate,-24.3634268,30.9541656,"",,Unspecified,"","",,,,,,,S168883460,"",,,,"As far as I am aware, first and only record from Limpopo for this species. Similar in size to Red-billed Quelea with a deeper bill base and yellow wash to the face and breast. Single individual among large numbers of RB Quelea. See attached photos.",Quelea erythrops,rehque1,Species,30647,,.00,0,,794,635
617468971,Photo,Red-headed Quelea,Quelea erythrops,,Cameron Blair,2017-08-05,2017,8,5,1308,South Africa,ZA-LP,Limpopo,,Raptors View Wildlife Estate,-24.3634268,30.9541656,"",,Unspecified,"","",,,,,,,S168883460,"",,,,"As far as I am aware, first and only record from Limpopo for this species. Similar in size to Red-billed Quelea with a deeper bill base and yellow wash to the face and breast. Single individual among large numbers of RB Quelea. See attached photos.",Quelea erythrops,rehque1,Species,30647,,.00,0,,797,997
617468974,Photo,Red-headed Quelea,Quelea erythrops,,Cameron Blair,2017-08-05,2017,8,5,1308,South Africa,ZA-LP,Limpopo,,Raptors View Wildlife Estate,-24.3634268,30.9541656,"",,Unspecified,"","",,,,,,,S168883460,"",,,,"As far as I am aware, first and only record from Limpopo for this species. Similar in size to Red-billed Quelea with a deeper bill base and yellow wash to the face and breast. Single individual among large numbers of RB Quelea. See attached photos.",Quelea erythrops,rehque1,Species,30647,,.00,0,,770,963
617468970,Photo,Red-headed Quelea,Quelea erythrops,,Cameron Blair,2017-08-05,2017,8,5,1308,South Africa,ZA-LP,Limpopo,,Raptors View Wildlife Estate,-24.3634268,30.9541656,"",,Unspecified,"","",,,,,,,S168883460,"",,,,"As far as I am aware, first and only record from Limpopo for this species. Similar in size to Red-billed Quelea with a deeper bill base and yellow wash to the face and breast. Single individual among large numbers of RB Quelea. See attached photos.",Quelea erythrops,rehque1,Species,30647,,.00,0,,752,602
617468966,Photo,Red-headed Quelea,Quelea erythrops,,Cameron Blair,2017-08-05,2017,8,5,1308,South Africa,ZA-LP,Limpopo,,Raptors View Wildlife Estate,-24.3634268,30.9541656,"",,Unspecified,"","",,,,,,,S168883460,"",,,,"As far as I am aware, first and only record from Limpopo for this species. Similar in size to Red-billed Quelea with a deeper bill base and yellow wash to the face and breast. Single individual among large numbers of RB Quelea. See attached photos.",Quelea erythrops,rehque1,Species,30647,,.00,0,,676,541
616452115,Photo,Red-headed Quelea,Quelea erythrops,,Nick Moore,2024-03-07,2024,3,7,728,Ghana,GH-NP,Northern,,Mole Airstrip,9.2400160,-1.8333435,"",,Unspecified,"","",,,,,,,S163946982,"",,,,,Quelea erythrops,rehque1,Species,30647,,2.00,1,,349,524
615681591,Photo,Red-headed Quelea,Quelea erythrops,,Fikret Ataşalan,2024-01-12,2024,1,12,630,Tanzania,TZ-24,Tabora,,Tabora Igombe Dam,-4.8571538,32.7455048,"",,Unspecified,"","",,,,,,,S158754966,"",,,,,Quelea erythrops,rehque1,Species,30647,,2.00,1,,1114,1671
615545594,Photo,Red-headed Quelea,Quelea erythrops,,Peter Alfrey,2019-07-02,2019,7,2,1520,Uganda,UG-C,Central,,Luwero Swamp,1.0119760,32.4694090,"",,Unspecified,"","",,,,,,,S58322254,"",,,,,Quelea erythrops,rehque1,Species,30647,,3.00,1,,551,843
615074119,Photo,Red-headed Quelea,Quelea erythrops,,Audrey Whitlock,2023-11-01,2023,11,1,911,South Africa,ZA-NL,Kwazulu-Natal,,"Umhlanga Rocks/uMhlanga NR, Umhlanga ZA-KZN (-29.7147,31.0937)",-29.7146740,31.0936710,"",,Unspecified,"","",,,,,,,S153515185,"",,,,,Quelea erythrops,rehque1,Species,30647,,4.00,2,,1223,1835
615074111,Photo,Red-headed Quelea,Quelea erythrops,,Audrey Whitlock,2023-11-01,2023,11,1,911,South Africa,ZA-NL,Kwazulu-Natal,,"Umhlanga Rocks/uMhlanga NR, Umhlanga ZA-KZN (-29.7147,31.0937)",-29.7146740,31.0936710,"",,Unspecified,"","",,,,,,,S153515185,"",,,,,Quelea erythrops,rehque1,Species,30647,,3.50,2,,1896,2844
615074109,Photo,Red-headed Quelea,Quelea erythrops,,Audrey Whitlock,2023-11-01,2023,11,1,911,South Africa,ZA-NL,Kwazulu-Natal,,"Umhlanga Rocks/uMhlanga NR, Umhlanga ZA-KZN (-29.7147,31.0937)",-29.7146740,31.0936710,"",,Unspecified,"","",,,,,,,S153515185,"",,,,,Quelea erythrops,rehque1,Species,30647,,4.00,2,,1793,2690
614977566,Photo,Red-headed Quelea,Quelea erythrops,,Daniel Blok 🦤,2024-02-18,2024,2,18,608,Tanzania,TZ-11,Zanzibar South,,Mapopwe Ricefields Area (IBA TZ057),-6.2210634,39.3650158,"",,Unspecified,"","",,,,,,,S161947227,"",,,,flock foraging mixed with Grosbeak Weaver,Quelea erythrops,rehque1,Species,30647,,2.00,1,,3648,5472
614977565,Photo,Red-headed Quelea,Quelea erythrops,,Daniel Blok 🦤,2024-02-18,2024,2,18,608,Tanzania,TZ-11,Zanzibar South,,Mapopwe Ricefields Area (IBA TZ057),-6.2210634,39.3650158,"",,Unspecified,"","",,,,,,,S161947227,"",,,,flock foraging mixed with Grosbeak Weaver,Quelea erythrops,rehque1,Species,30647,,2.00,1,,1656,2483
614977564,Photo,Red-headed Quelea,Quelea erythrops,,Daniel Blok 🦤,2024-02-18,2024,2,18,608,Tanzania,TZ-11,Zanzibar South,,Mapopwe Ricefields Area (IBA TZ057),-6.2210634,39.3650158,"",,Unspecified,"","",,,,,,,S161947227,"",,,,flock foraging mixed with Grosbeak Weaver,Quelea erythrops,rehque1,Species,30647,,3.00,1,,942,1413
614974880,Photo,Red-headed Quelea,Quelea erythrops,Amblyospiza albifrons -- Grosbeak Weaver,Daniel Blok 🦤,2024-02-18,2024,2,18,608,Tanzania,TZ-11,Zanzibar South,,Mapopwe Ricefields Area (IBA TZ057),-6.2210634,39.3650158,"Adult Female – 3; Adult Male – 3",Foraging or Eating,Unspecified,"","",,,,,,,S161947227,"",,,,flock foraging mixed with Grosbeak Weaver,Quelea erythrops,rehque1,Species,30647,,3.00,1,"",1848,2772
614925987,Photo,Red-headed Quelea,Quelea erythrops,,Dinesh Kumar,2024-02-06,2024,2,6,900,Rwanda,RW-02,Est,,Prodev Kayonza farm,-1.9691696,30.7072865,"",,Unspecified,"","",,,,,,,S161632367,"",,,,,Quelea erythrops,rehque1,Species,30647,,4.00,2,,1480,987
614432675,Photo,Red-headed Quelea,Quelea erythrops,,Wim Jacobs,2024-01-27,2024,1,27,637,Benin,BJ-AK,Atakora,,Ottomari valley,10.2020238,1.2019000,"",,Unspecified,"","",,,,,,,S160001902,"",,,,,Quelea erythrops,rehque1,Species,30647,,3.50,2,,3000,4000
614432676,Photo,Red-headed Quelea,Quelea erythrops,,Wim Jacobs,2024-01-27,2024,1,27,637,Benin,BJ-AK,Atakora,,Ottomari valley,10.2020238,1.2019000,"",,Unspecified,"","",,,,,,,S160001902,"",,,,,Quelea erythrops,rehque1,Species,30647,,2.00,1,,3000,4000
614432673,Photo,Red-headed Quelea,Quelea erythrops,,Wim Jacobs,2024-01-27,2024,1,27,637,Benin,BJ-AK,Atakora,,Ottomari valley,10.2020238,1.2019000,"",,Unspecified,"","",,,,,,,S160001902,"",,,,,Quelea erythrops,rehque1,Species,30647,,.00,0,,3000,4000
614432674,Photo,Red-headed Quelea,Quelea erythrops,,Wim Jacobs,2024-01-27,2024,1,27,637,Benin,BJ-AK,Atakora,,Ottomari valley,10.2020238,1.2019000,"",,Unspecified,"","",,,,,,,S160001902,"",,,,,Quelea erythrops,rehque1,Species,30647,,.00,0,,3000,4000
614432671,Photo,Red-headed Quelea,Quelea erythrops,,Wim Jacobs,2024-01-27,2024,1,27,637,Benin,BJ-AK,Atakora,,Ottomari valley,10.2020238,1.2019000,"",,Unspecified,"","",,,,,,,S160001902,"",,,,,Quelea erythrops,rehque1,Species,30647,,.00,0,,3000,4000
614432672,Photo,Red-headed Quelea,Quelea erythrops,,Wim Jacobs,2024-01-27,2024,1,27,637,Benin,BJ-AK,Atakora,,Ottomari valley,10.2020238,1.2019000,"",,Unspecified,"","",,,,,,,S160001902,"",,,,,Quelea erythrops,rehque1,Species,30647,,.00,0,,3000,4000
614339482,Photo,Red-headed Quelea,Quelea erythrops,,Nathan Long,2015-10-20,2015,10,20,1600,Uganda,UG-W,Western,,Queen Elizabeth II NP--Kasenyi Track,-0.0813875,30.0770044,"",,Unspecified,"","",,,,,,,S160226110,"",,,,,Quelea erythrops,rehque1,Species,30647,,3.00,1,,1761,2642
614339471,Photo,Red-headed Quelea,Quelea erythrops,,Nathan Long,2015-10-20,2015,10,20,1600,Uganda,UG-W,Western,,Queen Elizabeth II NP--Kasenyi Track,-0.0813875,30.0770044,"",,Unspecified,"","",,,,,,,S160226110,"",,,,,Quelea erythrops,rehque1,Species,30647,,.00,0,,1657,2483
614332828,Photo,Red-headed Quelea,Quelea erythrops,,Fikret Ataşalan,2023-03-18,2023,3,18,1530,Tanzania,TZ-24,Tabora,,Tabora Kazima Dam,-5.0146550,32.8964800,"",,Unspecified,"","",,,,,,,S143759520,"",,,,,Quelea erythrops,rehque1,Species,30647,,.00,0,,2588,3883
614332827,Photo,Red-headed Quelea,Quelea erythrops,,Fikret Ataşalan,2023-03-18,2023,3,18,1530,Tanzania,TZ-24,Tabora,,Tabora Kazima Dam,-5.0146550,32.8964800,"",,Unspecified,"","",,,,,,,S143759520,"",,,,,Quelea erythrops,rehque1,Species,30647,,.00,0,,2012,3018
614332826,Photo,Red-headed Quelea,Quelea erythrops,,Fikret Ataşalan,2023-03-18,2023,3,18,1530,Tanzania,TZ-24,Tabora,,Tabora Kazima Dam,-5.0146550,32.8964800,"",,Unspecified,"","",,,,,,,S143759520,"",,,,,Quelea erythrops,rehque1,Species,30647,,.00,0,,1594,2391
614154005,Photo,Red-headed Quelea,Quelea erythrops,,Jonathan Slifkin,2024-01-07,2024,1,7,1103,Kenya,KE-300,Coast,,Dakatcha Woodlands (Kamale NR),-2.7204189,39.9458478,"",,Unspecified,"","",,,,,,,S158520494,"",,,,,Quelea erythrops,rehque1,Species,30647,,5.00,2,,1615,2423
613866124,Photo,Red-headed Quelea,Quelea erythrops,,Damian Newmarch,2024-01-21,2024,1,21,723,Zambia,ZM-02,Central,,"Huntley Farm, Top Dam",-15.0156634,28.1484083,"",,Unspecified,"","",,,,,,,S159421846,"",,,,,Quelea erythrops,rehque1,Species,30647,,3.50,2,,2175,3262
613448971,Photo,Red-headed Quelea,Quelea erythrops,,Lenny Ricketts,2024-01-09,2024,1,9,1330,Tanzania,TZ-19,Coast,,"Unnamed Road, Pwani Region, TZ (-6.566, 39.004) Kerege",-6.5661898,39.0036512,"",,Unspecified,"","",,,,,,,S158758788,"",,,,,Quelea erythrops,rehque1,Species,30647,,3.50,2,,3888,5184
613448970,Photo,Red-headed Quelea,Quelea erythrops,,Lenny Ricketts,2024-01-09,2024,1,9,1330,Tanzania,TZ-19,Coast,,"Unnamed Road, Pwani Region, TZ (-6.566, 39.004) Kerege",-6.5661898,39.0036512,"",,Unspecified,"","",,,,,,,S158758788,"",,,,,Quelea erythrops,rehque1,Species,30647,,4.00,2,,3888,5184
613448969,Photo,Red-headed Quelea,Quelea erythrops,,Lenny Ricketts,2024-01-09,2024,1,9,1330,Tanzania,TZ-19,Coast,,"Unnamed Road, Pwani Region, TZ (-6.566, 39.004) Kerege",-6.5661898,39.0036512,"",,Unspecified,"","",,,,,,,S158758788,"",,,,,Quelea erythrops,rehque1,Species,30647,,3.50,2,,3888,5184
613108857,Photo,Red-headed Quelea,Quelea erythrops,,sheau torng lim,2012-06-04,2012,6,4,900,Singapore,SG-,Singapore,,"Lorong Halus Wetland (inc. Serangoon Reservoir and former 'Serangoon')",1.3957264,103.9257288,"",,Unspecified,"","",,,,,,,S158116419,"",,,,,Quelea erythrops,rehque1,Species,30647,,3.00,1,,640,960
612714919,Photo,Red-headed Quelea,Quelea erythrops,,Garret Skead,2023-12-23,2023,12,23,911,South Africa,ZA-NL,Kwazulu-Natal,,Wetland near Mdloti private estate,-29.6723840,31.1083240,"",,Unspecified,"","",,,,,,,S156907218,"",,,,Brief visit. Most likely more individuals present. Bishops tends to chase them aggressively. 1 male seen in breeding plumage,Quelea erythrops,rehque1,Species,30647,,5.00,5,,1767,2492
612714916,Photo,Red-headed Quelea,Quelea erythrops,,Garret Skead,2023-12-23,2023,12,23,911,South Africa,ZA-NL,Kwazulu-Natal,,Wetland near Mdloti private estate,-29.6723840,31.1083240,"",,Unspecified,"","",,,,,,,S156907218,"",,,,Brief visit. Most likely more individuals present. Bishops tends to chase them aggressively. 1 male seen in breeding plumage,Quelea erythrops,rehque1,Species,30647,,4.50,4,,1644,2360
612645452,Photo,Red-headed Quelea,Quelea erythrops,,Femi Faminu,2019-02-06,2019,2,6,0,Tanzania,TZ-04,Iringa,,Ruaha NP,-7.4068776,34.9440766,"",,Unspecified,"","",,,,,,,S157115741,"",,,,,Quelea erythrops,rehque1,Species,30647,,2.00,1,,686,1024
612228835,Photo,Red-headed Quelea,Quelea erythrops,,Michael Buckham,2023-12-08,2023,12,8,1606,South Africa,ZA-NL,Kwazulu-Natal,,Durban--Umdloti Sibaya Conservancy,-29.6840526,31.1094532,"",,Unspecified,"","",,,,,,,S156123902,"",,,,,Quelea erythrops,rehque1,Species,30647,,3.50,2,,1726,2214
612228848,Photo,Red-headed Quelea,Quelea erythrops,,Michael Buckham,2023-12-08,2023,12,8,1606,South Africa,ZA-NL,Kwazulu-Natal,,Durban--Umdloti Sibaya Conservancy,-29.6840526,31.1094532,"","",Unspecified,"","",,,,,,,S156123902,"",,,,,Quelea erythrops,rehque1,Species,30647,,5.00,2,Nest,958,1409
612228849,Photo,Red-headed Quelea,Quelea erythrops,,Michael Buckham,2023-12-08,2023,12,8,1606,South Africa,ZA-NL,Kwazulu-Natal,,Durban--Umdloti Sibaya Conservancy,-29.6840526,31.1094532,"","",Unspecified,"","",,,,,,,S156123902,"",,,,,Quelea erythrops,rehque1,Species,30647,,4.00,2,Nest,1104,848
612228843,Photo,Red-headed Quelea,Quelea erythrops,,Michael Buckham,2023-12-08,2023,12,8,1606,South Africa,ZA-NL,Kwazulu-Natal,,Durban--Umdloti Sibaya Conservancy,-29.6840526,31.1094532,"",,Unspecified,"","",,,,,,,S156123902,"",,,,,Quelea erythrops,rehque1,Species,30647,,5.00,1,,677,958
612228846,Photo,Red-headed Quelea,Quelea erythrops,,Michael Buckham,2023-12-08,2023,12,8,1606,South Africa,ZA-NL,Kwazulu-Natal,,Durban--Umdloti Sibaya Conservancy,-29.6840526,31.1094532,"",,Unspecified,"","",,,,,,,S156123902,"",,,,,Quelea erythrops,rehque1,Species,30647,,4.00,1,,757,1025
612228847,Photo,Red-headed Quelea,Quelea erythrops,,Michael Buckham,2023-12-08,2023,12,8,1606,South Africa,ZA-NL,Kwazulu-Natal,,Durban--Umdloti Sibaya Conservancy,-29.6840526,31.1094532,"",,Unspecified,"","",,,,,,,S156123902,"",,,,,Quelea erythrops,rehque1,Species,30647,,5.00,1,,830,952
612228845,Photo,Red-headed Quelea,Quelea erythrops,,Michael Buckham,2023-12-08,2023,12,8,1606,South Africa,ZA-NL,Kwazulu-Natal,,Durban--Umdloti Sibaya Conservancy,-29.6840526,31.1094532,"",,Unspecified,"","",,,,,,,S156123902,"",,,,,Quelea erythrops,rehque1,Species,30647,,5.00,1,,939,848
612228834,Photo,Red-headed Quelea,Quelea erythrops,,Michael Buckham,2023-12-08,2023,12,8,1606,South Africa,ZA-NL,Kwazulu-Natal,,Durban--Umdloti Sibaya Conservancy,-29.6840526,31.1094532,"",,Unspecified,"","",,,,,,,S156123902,"",,,,,Quelea erythrops,rehque1,Species,30647,,5.00,1,,745,1007
612228842,Photo,Red-headed Quelea,Quelea erythrops,,Michael Buckham,2023-12-08,2023,12,8,1606,South Africa,ZA-NL,Kwazulu-Natal,,Durban--Umdloti Sibaya Conservancy,-29.6840526,31.1094532,"",,Unspecified,"","",,,,,,,S156123902,"",,,,,Quelea erythrops,rehque1,Species,30647,,5.00,1,,768,927
612228838,Photo,Red-headed Quelea,Quelea erythrops,,Michael Buckham,2023-12-08,2023,12,8,1606,South Africa,ZA-NL,Kwazulu-Natal,,Durban--Umdloti Sibaya Conservancy,-29.6840526,31.1094532,"",,Unspecified,"","",,,,,,,S156123902,"",,,,,Quelea erythrops,rehque1,Species,30647,,3.00,1,,927,726
612228841,Photo,Red-headed Quelea,Quelea erythrops,,Michael Buckham,2023-12-08,2023,12,8,1606,South Africa,ZA-NL,Kwazulu-Natal,,Durban--Umdloti Sibaya Conservancy,-29.6840526,31.1094532,"",,Unspecified,"","",,,,,,,S156123902,"",,,,,Quelea erythrops,rehque1,Species,30647,,5.00,1,,677,1055
612228844,Photo,Red-headed Quelea,Quelea erythrops,,Michael Buckham,2023-12-08,2023,12,8,1606,South Africa,ZA-NL,Kwazulu-Natal,,Durban--Umdloti Sibaya Conservancy,-29.6840526,31.1094532,"",,Unspecified,"","",,,,,,,S156123902,"",,,,,Quelea erythrops,rehque1,Species,30647,,5.00,1,,862,915
611683301,Photo,Red-headed Quelea,Quelea erythrops,,John Gregory,2023-11-20,2023,11,20,903,South Africa,ZA-NL,Kwazulu-Natal,,Fairbreeze--Tronox Ponds (restricted access),-29.0053834,31.6525485,"",,Unspecified,"","",,,,,,,S154829207,"",,,,Feeding frenzy!,Quelea erythrops,rehque1,Species,30647,,3.00,1,,2711,4431
611683299,Photo,Red-headed Quelea,Quelea erythrops,,John Gregory,2023-11-20,2023,11,20,903,South Africa,ZA-NL,Kwazulu-Natal,,Fairbreeze--Tronox Ponds (restricted access),-29.0053834,31.6525485,"",,Unspecified,"","",,,,,,,S154829207,"",,,,Feeding frenzy!,Quelea erythrops,rehque1,Species,30647,,2.00,1,,3011,3984
611683300,Photo,Red-headed Quelea,Quelea erythrops,,John Gregory,2023-11-20,2023,11,20,903,South Africa,ZA-NL,Kwazulu-Natal,,Fairbreeze--Tronox Ponds (restricted access),-29.0053834,31.6525485,"",,Unspecified,"","",,,,,,,S154829207,"",,,,Feeding frenzy!,Quelea erythrops,rehque1,Species,30647,,2.00,1,,2784,3952
611683298,Photo,Red-headed Quelea,Quelea erythrops,,John Gregory,2023-11-20,2023,11,20,903,South Africa,ZA-NL,Kwazulu-Natal,,Fairbreeze--Tronox Ponds (restricted access),-29.0053834,31.6525485,"",,Unspecified,"","",,,,,,,S154829207,"",,,,Feeding frenzy!,Quelea erythrops,rehque1,Species,30647,,2.00,1,,3046,3931
611569178,Photo,Red-headed Quelea,Quelea erythrops,,John Gregory,2023-11-20,2023,11,20,903,South Africa,ZA-NL,Kwazulu-Natal,,Fairbreeze--Tronox Ponds (restricted access),-29.0053834,31.6525485,"",,Unspecified,"","",,,,,,,S154829207,"",,,,Feeding frenzy!,Quelea erythrops,rehque1,Species,30647,,2.00,1,,3888,5184
611569179,Photo,Red-headed Quelea,Quelea erythrops,,John Gregory,2023-11-20,2023,11,20,903,South Africa,ZA-NL,Kwazulu-Natal,,Fairbreeze--Tronox Ponds (restricted access),-29.0053834,31.6525485,"",,Unspecified,"","",,,,,,,S154829207,"",,,,Feeding frenzy!,Quelea erythrops,rehque1,Species,30647,,4.00,1,,3888,5184
611569177,Photo,Red-headed Quelea,Quelea erythrops,,John Gregory,2023-11-20,2023,11,20,903,South Africa,ZA-NL,Kwazulu-Natal,,Fairbreeze--Tronox Ponds (restricted access),-29.0053834,31.6525485,"",,Unspecified,"","",,,,,,,S154829207,"",,,,Feeding frenzy!,Quelea erythrops,rehque1,Species,30647,,4.00,1,,2715,4434
611569176,Photo,Red-headed Quelea,Quelea erythrops,,John Gregory,2023-11-20,2023,11,20,903,South Africa,ZA-NL,Kwazulu-Natal,,Fairbreeze--Tronox Ponds (restricted access),-29.0053834,31.6525485,"",,Unspecified,"","",,,,,,,S154829207,"",,,,Feeding frenzy!,Quelea erythrops,rehque1,Species,30647,,3.00,1,,3312,3621
611569175,Photo,Red-headed Quelea,Quelea erythrops,,John Gregory,2023-11-20,2023,11,20,903,South Africa,ZA-NL,Kwazulu-Natal,,Fairbreeze--Tronox Ponds (restricted access),-29.0053834,31.6525485,"",,Unspecified,"","",,,,,,,S154829207,"",,,,Feeding frenzy!,Quelea erythrops,rehque1,Species,30647,,3.00,1,,1678,7176
611309414,Photo,Red-headed Quelea,Quelea erythrops,,Lloyd Weber,2023-11-15,2023,11,15,1053,South Africa,ZA-NL,Kwazulu-Natal,,Fairbreeze--Tronox Ponds (restricted access),-29.0053834,31.6525485,"",,Unspecified,"","",,,,,,,S154511992,"",,,,,Quelea erythrops,rehque1,Species,30647,,2.00,1,,1080,1440
611309416,Photo,Red-headed Quelea,Quelea erythrops,,Lloyd Weber,2023-11-15,2023,11,15,1053,South Africa,ZA-NL,Kwazulu-Natal,,Fairbreeze--Tronox Ponds (restricted access),-29.0053834,31.6525485,"",,Unspecified,"","",,,,,,,S154511992,"",,,,,Quelea erythrops,rehque1,Species,30647,,4.00,1,,1080,1440
611309419,Photo,Red-headed Quelea,Quelea erythrops,,Lloyd Weber,2023-11-15,2023,11,15,1053,South Africa,ZA-NL,Kwazulu-Natal,,Fairbreeze--Tronox Ponds (restricted access),-29.0053834,31.6525485,"",,Unspecified,"","",,,,,,,S154511992,"",,,,,Quelea erythrops,rehque1,Species,30647,,1.00,1,,1080,1440
611309418,Photo,Red-headed Quelea,Quelea erythrops,,Lloyd Weber,2023-11-15,2023,11,15,1053,South Africa,ZA-NL,Kwazulu-Natal,,Fairbreeze--Tronox Ponds (restricted access),-29.0053834,31.6525485,"",,Unspecified,"","",,,,,,,S154511992,"",,,,,Quelea erythrops,rehque1,Species,30647,,2.00,1,,1080,1440
611309415,Photo,Red-headed Quelea,Quelea erythrops,,Lloyd Weber,2023-11-15,2023,11,15,1053,South Africa,ZA-NL,Kwazulu-Natal,,Fairbreeze--Tronox Ponds (restricted access),-29.0053834,31.6525485,"",,Unspecified,"","",,,,,,,S154511992,"",,,,,Quelea erythrops,rehque1,Species,30647,,2.00,1,,1080,1440
611309417,Photo,Red-headed Quelea,Quelea erythrops,,Lloyd Weber,2023-11-15,2023,11,15,1053,South Africa,ZA-NL,Kwazulu-Natal,,Fairbreeze--Tronox Ponds (restricted access),-29.0053834,31.6525485,"",,Unspecified,"","",,,,,,,S154511992,"",,,,,Quelea erythrops,rehque1,Species,30647,,.00,0,,1080,1440
610164668,Photo,Red-headed Quelea,Quelea erythrops,,Tim van der Meer,2015-01-10,2015,1,10,1115,South Africa,ZA-NL,Kwazulu-Natal,,Pietermaritzburg--Bisley Valley NR,-29.6599135,30.3912830,"",,Unspecified,"","",,,,,,,S22496437,"",,,,,Quelea erythrops,rehque1,Species,30647,,3.00,3,,1043,1564
608673369,Photo,Red-headed Quelea,Quelea erythrops,,Holger Köhler,2023-07-19,2023,7,19,926,Uganda,UG-N,Northern,,"Murchison Falls National Park, Nwoya UG-Northern (2.2775,31.3851)",2.2774970,31.3851160,"Adult Female – 2; Adult Male – 2",,Unspecified,"","",,,,,,,S145119540,"",,,,,Quelea erythrops,rehque1,Species,30647,,3.00,3,,2388,3584
596650971,Photo,Red-headed Quelea,Quelea erythrops,,Antonio Xeira,2023-06-08,2023,6,8,628,Guinea-Bissau,GW-S,Sul,,"Parque Nacional de Cantanhez--Lauchandè, Tombali, GW (11,249, -15,06)",11.2485750,-15.0599599,Adult Male – 1,"",Unspecified,"","",,,,,,,S141608541,"",,,molt,,Quelea erythrops,rehque1,Species,30647,,2.33,3,Molting,781,1172
595952061,Photo,Red-headed Quelea,Quelea erythrops,,Dieter Oschadleus,2008-01-25,2008,1,25,1800,South Africa,ZA-NL,Kwazulu-Natal,,Mount Moreland IBA,-29.6425524,31.0888934,"",,Unspecified,"","",,,,,,,S145158005,"",,,,banded 1,Quelea erythrops,rehque1,Species,30647,,4.33,3,,642,845
593972441,Photo,Red-headed Quelea,Quelea erythrops,,Mathurin Malby,2023-05-20,2023,5,20,720,Ghana,GH-EP,Eastern,,Atewa--farm scrub and degraded forest,6.2293104,-0.5271194,"",,Unspecified,"","",,,,,,,S138469088,"",,,,,Quelea erythrops,rehque1,Species,30647,,3.67,3,,1165,2071
593972421,Photo,Red-headed Quelea,Quelea erythrops,,Mathurin Malby,2023-05-20,2023,5,20,720,Ghana,GH-EP,Eastern,,Atewa--farm scrub and degraded forest,6.2293104,-0.5271194,"",,Unspecified,"","",,,,,,,S138469088,"",,,,,Quelea erythrops,rehque1,Species,30647,,3.00,3,,1165,2071
593972431,Photo,Red-headed Quelea,Quelea erythrops,,Mathurin Malby,2023-05-20,2023,5,20,720,Ghana,GH-EP,Eastern,,Atewa--farm scrub and degraded forest,6.2293104,-0.5271194,"",,Unspecified,"","",,,,,,,S138469088,"",,,,,Quelea erythrops,rehque1,Species,30647,,3.33,3,,1165,2071
556835601,Photo,Red-headed Quelea,Quelea erythrops,,Rick Jacobsen,2023-03-22,2023,3,22,635,Uganda,UG-N,Northern,,Murchison Falls NP--Paraa Safari Lodge to Tangi Gate,2.3693675,31.5548379,"",,Unspecified,"","",,,,,,,S131508600,"",,,,Ph’d,Quelea erythrops,rehque1,Species,30647,,2.00,3,,2368,3461
555271861,Photo,Red-headed Quelea,Quelea erythrops,,Louis Bevier,2014-06-10,2014,6,10,1530,Uganda,UG-W,Western,,Kafu Ranchlands,1.5660236,31.9939899,"",Flying,Unspecified,"","",,,,,,,S44478733,"",,,,,Quelea erythrops,rehque1,Species,30647,,2.33,3,"",1600,2400
555271851,Photo,Red-headed Quelea,Quelea erythrops,,Louis Bevier,2014-06-10,2014,6,10,1530,Uganda,UG-W,Western,,Kafu Ranchlands,1.5660236,31.9939899,"",Flying,Unspecified,"","",,,,,,,S44478733,"",,,,,Quelea erythrops,rehque1,Species,30647,,2.33,3,"",1600,2400
533941981,Photo,Red-headed Quelea,Quelea erythrops,,John Garcia Ulloa,2023-01-22,2023,1,22,1445,São Tomé and Príncipe,ST-S,São Tomé,,"ES1 ST-São Tomé (0.3569,6.7206)",0.3568690,6.7206140,Adult Male – 1,Nest Building,Unspecified,"","",,,,,,,S126718527,"",,,,,Quelea erythrops,rehque1,Species,30647,,3.67,3,"",3456,4608
520276761,Photo,Red-headed Quelea,Quelea erythrops,,Rohit Gupta,2008-07-05,2008,7,5,0,South Sudan,SS-EC,Central Equatoria,,"UNMIS Base, Tomping",4.8730312,31.5897918,"",,Unspecified,"","",,,,,,,S125387695,"",,,,,Quelea erythrops,rehque1,Species,30647,,3.00,3,,1244,1336
508951071,Photo,Red-headed Quelea,Quelea erythrops,,Calvin Harris,2015-11-28,2015,11,28,0,South Africa,ZA-NL,Kwazulu-Natal,,Amatikulu NR,-28.9541276,31.7664957,"",,Unspecified,"","",,,,,,,S107100367,"",,,,,Quelea erythrops,rehque1,Species,30647,,3.33,3,,1515,2170
508393721,Photo,Red-headed Quelea,Quelea erythrops,,Stephen Davies,2022-10-28,2022,10,28,910,Uganda,UG-W,Western,,"Queen Elizabeth National Park, Busongora UG-Western -0.09903, 30.03824",-0.0990330,30.0382370,Adult Male – 1,,Unspecified,"","",,,,,,,S121426698,"",,,,,Quelea erythrops,rehque1,Species,30647,,3.00,3,,667,1000
508393731,Photo,Red-headed Quelea,Quelea erythrops,,Stephen Davies,2022-10-28,2022,10,28,910,Uganda,UG-W,Western,,"Queen Elizabeth National Park, Busongora UG-Western -0.09903, 30.03824",-0.0990330,30.0382370,Adult Male – 1,,Unspecified,"","",,,,,,,S121426698,"",,,,,Quelea erythrops,rehque1,Species,30647,,2.33,3,,667,1000
508393671,Photo,Red-headed Quelea,Quelea erythrops,,Stephen Davies,2022-10-28,2022,10,28,910,Uganda,UG-W,Western,,"Queen Elizabeth National Park, Busongora UG-Western -0.09903, 30.03824",-0.0990330,30.0382370,Adult Male – 1,,Unspecified,"","",,,,,,,S121426698,"",,,,,Quelea erythrops,rehque1,Species,30647,,2.67,3,,667,1000
508393701,Photo,Red-headed Quelea,Quelea erythrops,,Stephen Davies,2022-10-28,2022,10,28,910,Uganda,UG-W,Western,,"Queen Elizabeth National Park, Busongora UG-Western -0.09903, 30.03824",-0.0990330,30.0382370,Adult Male – 1,,Unspecified,"","",,,,,,,S121426698,"",,,,,Quelea erythrops,rehque1,Species,30647,,3.67,3,,667,1000
508393741,Photo,Red-headed Quelea,Quelea erythrops,,Stephen Davies,2022-10-28,2022,10,28,910,Uganda,UG-W,Western,,"Queen Elizabeth National Park, Busongora UG-Western -0.09903, 30.03824",-0.0990330,30.0382370,Adult Male – 1,,Unspecified,"","",,,,,,,S121426698,"",,,,,Quelea erythrops,rehque1,Species,30647,,2.33,3,,667,1000
508393711,Photo,Red-headed Quelea,Quelea erythrops,,Stephen Davies,2022-10-28,2022,10,28,910,Uganda,UG-W,Western,,"Queen Elizabeth National Park, Busongora UG-Western -0.09903, 30.03824",-0.0990330,30.0382370,Adult Male – 1,,Unspecified,"","",,,,,,,S121426698,"",,,,,Quelea erythrops,rehque1,Species,30647,,3.00,3,,667,1000
508393681,Photo,Red-headed Quelea,Quelea erythrops,,Stephen Davies,2022-10-28,2022,10,28,910,Uganda,UG-W,Western,,"Queen Elizabeth National Park, Busongora UG-Western -0.09903, 30.03824",-0.0990330,30.0382370,Adult Male – 1,,Unspecified,"","",,,,,,,S121426698,"",,,,,Quelea erythrops,rehque1,Species,30647,,3.33,3,,667,1000
508393691,Photo,Red-headed Quelea,Quelea erythrops,,Stephen Davies,2022-10-28,2022,10,28,910,Uganda,UG-W,Western,,"Queen Elizabeth National Park, Busongora UG-Western -0.09903, 30.03824",-0.0990330,30.0382370,Adult Male – 1,,Unspecified,"","",,,,,,,S121426698,"",,,,,Quelea erythrops,rehque1,Species,30647,,3.00,3,,667,1000
508393661,Photo,Red-headed Quelea,Quelea erythrops,,Stephen Davies,2022-10-28,2022,10,28,910,Uganda,UG-W,Western,,"Queen Elizabeth National Park, Busongora UG-Western -0.09903, 30.03824",-0.0990330,30.0382370,Adult Male – 1,,Unspecified,"","",,,,,,,S121426698,"",,,,,Quelea erythrops,rehque1,Species,30647,,3.00,3,,667,1000
508393651,Photo,Red-headed Quelea,Quelea erythrops,,Stephen Davies,2022-10-28,2022,10,28,910,Uganda,UG-W,Western,,"Queen Elizabeth National Park, Busongora UG-Western -0.09903, 30.03824",-0.0990330,30.0382370,Adult Male – 1,,Unspecified,"","",,,,,,,S121426698,"",,,,,Quelea erythrops,rehque1,Species,30647,,3.00,3,,667,1000
506561641,Photo,Red-headed Quelea,Quelea erythrops,,Josef Trojan,2018-12-05,2018,12,5,1015,São Tomé and Príncipe,ST-S,São Tomé,,PN Obô de São Tomé--Lagoa Azul,0.4065002,6.6093019,"",,Unspecified,"","",,,,,,,S122893735,"",,,,,Quelea erythrops,rehque1,Species,30647,,2.67,3,,580,435
490581511,Photo,Red-headed Quelea,Quelea erythrops,,Dave Rimmer,2022-09-14,2022,9,14,651,South Africa,ZA-NL,Kwazulu-Natal,,Durban--Danville Park,-29.7707930,31.0543303,"",,Unspecified,"","",,,,,,,S120000708,"",,,,,Quelea erythrops,rehque1,Species,30647,,4.00,3,,2672,4008
490581501,Photo,Red-headed Quelea,Quelea erythrops,,Dave Rimmer,2022-09-14,2022,9,14,651,South Africa,ZA-NL,Kwazulu-Natal,,Durban--Danville Park,-29.7707930,31.0543303,"",,Unspecified,"","",,,,,,,S120000708,"",,,,,Quelea erythrops,rehque1,Species,30647,,3.33,3,,2405,3608
490581491,Photo,Red-headed Quelea,Quelea erythrops,,Dave Rimmer,2022-09-14,2022,9,14,651,South Africa,ZA-NL,Kwazulu-Natal,,Durban--Danville Park,-29.7707930,31.0543303,"",,Unspecified,"","",,,,,,,S120000708,"",,,,,Quelea erythrops,rehque1,Species,30647,,3.67,3,,2339,3508
483410191,Photo,Red-headed Quelea,Quelea erythrops,,Cody Cox,2022-08-05,2022,8,5,1330,Uganda,UG-W,Western,,Bigodi Ecotourism Research Centre,0.4005148,30.4133461,"",,Unspecified,"","",,,,,,,S117089015,"",,,,,Quelea erythrops,rehque1,Species,30647,,4.00,3,,1441,2162
476444101,Photo,Red-headed Quelea,Quelea erythrops,,Niall D Perrins,2022-07-09,2022,7,9,1043,Uganda,UG-N,Northern,,Murchison Falls NP--North side (Paraa to Albert Nile swamps),2.3370935,31.5123711,Adult Male – 2,,Unspecified,"","",,,,,,,S114996453,"",,,,,Quelea erythrops,rehque1,Species,30647,,2.00,3,,1125,1688
472038861,Photo,Red-headed Quelea,Quelea erythrops,,Paul Lenrumé,2022-07-30,2022,7,30,659,Guinea,GN-B,"Boké, Gouvernorat de",,"Route sans nom, Boké, GN (9,901, -13,845)",9.9014602,-13.8450829,"",,Unspecified,"","",,,,,,,S116214687,"",,,,,Quelea erythrops,rehque1,Species,30647,,2.00,2,,1090,1310
465989071,Photo,Red-headed Quelea,Quelea erythrops,,Eleanor Ward,2022-06-28,2022,6,28,800,Ghana,GH-AA,Greater Accra,,Bojo Beach,5.5076649,-0.3274012,"",,Unspecified,"","",,,,,,,S114697527,"",,,,,Quelea erythrops,rehque1,Species,30647,,3.67,3,,743,881
465988581,Photo,Red-headed Quelea,Quelea erythrops,,Eleanor Ward,2022-06-28,2022,6,28,800,Ghana,GH-AA,Greater Accra,,Bojo Beach,5.5076649,-0.3274012,"",,Unspecified,"","",,,,,,,S114697527,"",,,,,Quelea erythrops,rehque1,Species,30647,,3.67,3,,999,2257
463209691,Photo,Red-headed Quelea,Quelea erythrops,,Werner Suter,2012-04-19,2012,4,19,0,Cameroon,CM-SW,South-West,,Nyasoso vicinity - incl. base of Mt. Kupe,4.8176799,9.6751263,"",,Unspecified,"","",,,,,,,S74798580,"",,,,,Quelea erythrops,rehque1,Species,30647,,3.67,3,,1288,1288
463209671,Photo,Red-headed Quelea,Quelea erythrops,,Werner Suter,2012-04-19,2012,4,19,0,Cameroon,CM-SW,South-West,,Nyasoso vicinity - incl. base of Mt. Kupe,4.8176799,9.6751263,"",,Unspecified,"","",,,,,,,S74798580,"",,,,,Quelea erythrops,rehque1,Species,30647,,2.50,2,,1102,1102
446115891,Photo,Red-headed Quelea,Quelea erythrops,,Paul Lenrumé,2022-05-07,2022,5,7,628,Guinea,GN-B,"Boké, Gouvernorat de",,"Route sans nom, Boké, GN (9,929, -13,866)",9.9290984,-13.8663854,"",,Unspecified,"","",,,,,,,S109422535,"",,,,,Quelea erythrops,rehque1,Species,30647,,2.50,2,,2348,3046
444705351,Photo,Red-headed Quelea,Quelea erythrops,,Fanis Theofanopoulos (ASalafa Deri),2022-04-25,2022,4,25,629,Kenya,KE-600,Nyanza,,"Kisumu Waterfront (incl. Ndunga Swamp, Hippo Pt. and Impala Park)",-0.1254071,34.7425032,"","",Unspecified,"","",,,,,,,S107994883,"",,,,,Quelea erythrops,rehque1,Species,30647,,5.00,2,Watermark,2289,1852
436563961,Photo,Red-headed Quelea,Quelea erythrops,,Susan Mac,2022-03-27,2022,3,27,802,Ghana,GH-CP,Central,,Antwikwaa--forest edge & farm scrub,5.4306000,-1.4145000,Adult Female – 1,,Unspecified,"","",,,,,,,S105678138,"",,,,,Quelea erythrops,rehque1,Species,30647,,2.50,2,,2048,1708
436562981,Photo,Red-headed Quelea,Quelea erythrops,,Susan Mac,2022-03-27,2022,3,27,802,Ghana,GH-CP,Central,,Antwikwaa--forest edge & farm scrub,5.4306000,-1.4145000,Adult Female – 1,,Unspecified,"","",,,,,,,S105678138,"",,,,,Quelea erythrops,rehque1,Species,30647,,3.00,2,,2048,1770
434250921,Photo,Red-headed Quelea,Quelea erythrops,,少杰 郦,2022-03-13,2022,3,13,904,Zambia,ZM-09,Lusaka,,Chartonel estate,-15.2446942,28.4214232,"","",Unspecified,"","",,,,,,,S104738149,"",,,,,Quelea erythrops,rehque1,Species,30647,,3.50,2,Multiple species,1399,2104
433846791,Photo,Red-headed Quelea,Quelea erythrops,,Anonymous,2017-07-26,2017,7,26,900,Cameroon,CM-CE,Centre,,Ongot,3.8605060,11.3953470,"",,Unspecified,"","",,,,,,,S38554631,"",,,,,Quelea erythrops,rehque1,Species,30647,,2.50,2,,2002,2888
433846781,Photo,Red-headed Quelea,Quelea erythrops,,Anonymous,2017-07-26,2017,7,26,900,Cameroon,CM-CE,Centre,,Ongot,3.8605060,11.3953470,"",,Unspecified,"","",,,,,,,S38554631,"",,,,,Quelea erythrops,rehque1,Species,30647,,2.50,2,,1937,2751
433846571,Photo,Red-headed Quelea,Quelea erythrops,,Anonymous,2017-07-26,2017,7,26,900,Cameroon,CM-CE,Centre,,Ongot,3.8605060,11.3953470,"",,Unspecified,"","",,,,,,,S38554631,"",,,,,Quelea erythrops,rehque1,Species,30647,,3.00,2,,1976,2754
433846511,Photo,Red-headed Quelea,Quelea erythrops,,Anonymous,2017-07-26,2017,7,26,900,Cameroon,CM-CE,Centre,,Ongot,3.8605060,11.3953470,"",,Unspecified,"","",,,,,,,S38554631,"",,,,,Quelea erythrops,rehque1,Species,30647,,3.50,2,,1977,2856
433845691,Photo,Red-headed Quelea,Quelea erythrops,,Anonymous,2017-07-26,2017,7,26,900,Cameroon,CM-CE,Centre,,Ongot,3.8605060,11.3953470,"",,Unspecified,"","",,,,,,,S38554631,"",,,,,Quelea erythrops,rehque1,Species,30647,,3.00,2,,3307,4961
427891241,Photo,Red-headed Quelea,Quelea erythrops,,James Hogg,2022-03-23,2022,3,23,830,Mozambique,MZ-L,Maputo,,"Macaneta-- Wetland, dune forests and coast",-25.7350000,32.7230000,"",,Unspecified,"","",,,,,,,S105416636,"",,,,Around 560 in the attached photo. Flock was double this sizer and more than one group. 1000 in all likelihood conservative.,Quelea erythrops,rehque1,Species,30647,,3.00,2,,3648,5472
423547151,Photo,Red-headed Quelea,Quelea erythrops,,少杰 郦,2022-03-08,2022,3,8,1531,Zambia,ZM-09,Lusaka,,Chartonel estate,-15.2446942,28.4214232,"",,Unspecified,"","",,,,,,,S104477257,"",,,,"Breeding male and female, captured.",Quelea erythrops,rehque1,Species,30647,,2.50,2,,998,1499
423547091,Photo,Red-headed Quelea,Quelea erythrops,,少杰 郦,2022-03-08,2022,3,8,1531,Zambia,ZM-09,Lusaka,,Chartonel estate,-15.2446942,28.4214232,"",,Unspecified,"","",,,,,,,S104477257,"",,,,"Breeding male and female, captured.",Quelea erythrops,rehque1,Species,30647,,1.50,2,,999,1500
423547051,Photo,Red-headed Quelea,Quelea erythrops,,少杰 郦,2022-03-08,2022,3,8,1531,Zambia,ZM-09,Lusaka,,Chartonel estate,-15.2446942,28.4214232,"",,Unspecified,"","",,,,,,,S104477257,"",,,,"Breeding male and female, captured.",Quelea erythrops,rehque1,Species,30647,,2.50,2,,801,1201
400292941,Photo,Red-headed Quelea,Quelea erythrops,,GARY DOUGLAS,2018-11-10,2018,11,10,600,Mozambique,MZ-S,Sofala,,Nhangaan Forest,-19.7390880,34.9666090,Adult Female – 3,,Unspecified,"","",,,,,,,S99669961,"",,,,,Quelea erythrops,rehque1,Species,30647,,4.00,2,,3456,4608
400292801,Photo,Red-headed Quelea,Quelea erythrops,,GARY DOUGLAS,2018-11-10,2018,11,10,600,Mozambique,MZ-S,Sofala,,Nhangaan Forest,-19.7390880,34.9666090,Adult Male – 1,,Unspecified,"","",,,,,,,S99669961,"",,,,,Quelea erythrops,rehque1,Species,30647,,2.00,2,,1373,1831
400292581,Photo,Red-headed Quelea,Quelea erythrops,,GARY DOUGLAS,2018-11-10,2018,11,10,600,Mozambique,MZ-S,Sofala,,Nhangaan Forest,-19.7390880,34.9666090,"Adult Female – 2; Adult Male – 1",,Unspecified,"","",,,,,,,S99669961,"",,,,,Quelea erythrops,rehque1,Species,30647,,4.00,2,,3456,4608
398423851,Photo,Red-headed Quelea,Quelea erythrops,,Wayne Paes,2021-12-07,2021,12,7,630,Ghana,GH-EP,Eastern,,Atewa--farm scrub and degraded forest,6.2293104,-0.5271194,"",,Unspecified,"","",,,,,,,S98848550,"",,,,,Quelea erythrops,rehque1,Species,30647,,4.00,3,,1139,1667
398423841,Photo,Red-headed Quelea,Quelea erythrops,,Wayne Paes,2021-12-07,2021,12,7,630,Ghana,GH-EP,Eastern,,Atewa--farm scrub and degraded forest,6.2293104,-0.5271194,"",,Unspecified,"","",,,,,,,S98848550,"",,,,,Quelea erythrops,rehque1,Species,30647,,2.50,2,,1084,1611
395664601,Photo,Red-headed Quelea,Quelea erythrops,,Ricardo Santamaria,2014-06-26,2014,6,26,0,Malawi,MW-C,Central,,Kuti Wildlife reserve,-13.7049488,34.4299722,"",,Unspecified,"","",,,,,,,S68056351,"",,,,,Quelea erythrops,rehque1,Species,30647,,3.50,2,,1308,1852
395643991,Photo,Red-headed Quelea,Quelea erythrops,,Ricardo Santamaria,2014-06-20,2014,6,20,0,Malawi,MW-S,Southern,,Lengwe National Park,-16.2600809,34.7661495,"",,Unspecified,"","",,,,,,,S68056348,"",,,,<b>First Sighting:</b> X (Auto)<br />,Quelea erythrops,rehque1,Species,30647,,2.50,2,,1512,2136
395643981,Photo,Red-headed Quelea,Quelea erythrops,,Ricardo Santamaria,2014-06-20,2014,6,20,0,Malawi,MW-S,Southern,,Lengwe National Park,-16.2600809,34.7661495,"",,Unspecified,"","",,,,,,,S68056348,"",,,,<b>First Sighting:</b> X (Auto)<br />,Quelea erythrops,rehque1,Species,30647,,2.50,2,,3168,4752
395643971,Photo,Red-headed Quelea,Quelea erythrops,,Ricardo Santamaria,2014-06-20,2014,6,20,0,Malawi,MW-S,Southern,,Lengwe National Park,-16.2600809,34.7661495,"",,Unspecified,"","",,,,,,,S68056348,"",,,,<b>First Sighting:</b> X (Auto)<br />,Quelea erythrops,rehque1,Species,30647,,3.67,3,,1656,2520
395642241,Photo,Red-headed Quelea,Quelea erythrops,,Ricardo Santamaria,2014-06-20,2014,6,20,0,Malawi,MW-S,Southern,,Lengwe National Park,-16.2600809,34.7661495,"",,Unspecified,"","",,,,,,,S68056348,"",,,,<b>First Sighting:</b> X (Auto)<br />,Quelea erythrops,rehque1,Species,30647,,2.50,2,,1079,1548
395642041,Photo,Red-headed Quelea,Quelea erythrops,,Ricardo Santamaria,2014-06-20,2014,6,20,0,Malawi,MW-S,Southern,,Lengwe National Park,-16.2600809,34.7661495,"",,Unspecified,"","",,,,,,,S68056348,"",,,,<b>First Sighting:</b> X (Auto)<br />,Quelea erythrops,rehque1,Species,30647,,2.50,2,,2196,1544
394283471,Photo,Red-headed Quelea,Quelea erythrops,,Markus Craig,2021-11-15,2021,11,15,516,Zambia,ZM-02,Central,,Fringilla Lodge,-15.0050916,28.1536031,Unknown – 1,,Unspecified,"","",,,,,,,S97626953,"",,,,,Quelea erythrops,rehque1,Species,30647,,4.00,2,,2125,3777
376017281,Photo,Red-headed Quelea,Quelea erythrops,,Josep del Hoyo,2006-08-29,2006,8,29,0,Uganda,UG-W,Western,,Murchison Falls NP (Please use more specific hotspot if possible),2.2651542,31.8559708,"",,Unspecified,"","",,,,,,,S64820959,"",,,A bird perched. Videograb.,,Quelea erythrops,rehque1,Species,30647,,2.00,2,,1029,1689
347120931,Photo,Red-headed Quelea,Quelea erythrops,,Francesco Veronesi,2013-11-20,2013,11,20,830,South Africa,ZA-NL,Kwazulu-Natal,,Rydal,-30.2208125,30.1504914,"",,Unspecified,"","",,,,,,,S90033199,"",,,,,Quelea erythrops,rehque1,Species,30647,,4.50,4,,1000,667
313809141,Photo,Red-headed Quelea,Quelea erythrops,,John Sterling,2021-02-12,2021,2,12,916,Ghana,GH-NP,Northern,,Mole NP--Samole Loop & waterhole,9.2491286,-1.8610668,"",,Unspecified,"","",,,,,,,S80855847,"",,,,,Quelea erythrops,rehque1,Species,30647,,2.50,2,,995,1428
313097671,Photo,Red-headed Quelea,Quelea erythrops,,Bram Piot,2019-07-04,2019,7,4,1400,Senegal,SN-ZG,Ziguinchor,,Kagnout--Marais,12.5711512,-16.6177700,"",,Unspecified,"","",,,,,,,S58001448,"",,,,"In flock of bishops, min. 2 birds (1 f-type + 1 male moulting into breeding plumage, pictures available), possibly more",Quelea erythrops,rehque1,Species,30647,,3.00,2,,967,1193
313097641,Photo,Red-headed Quelea,Quelea erythrops,,Bram Piot,2019-07-04,2019,7,4,1400,Senegal,SN-ZG,Ziguinchor,,Kagnout--Marais,12.5711512,-16.6177700,"",,Unspecified,"","",,,,,,,S58001448,"",,,,"In flock of bishops, min. 2 birds (1 f-type + 1 male moulting into breeding plumage, pictures available), possibly more",Quelea erythrops,rehque1,Species,30647,,2.00,2,,762,1028
302076531,Photo,Red-headed Quelea,Quelea erythrops,,Anonymous,2021-01-26,2021,1,26,0,São Tomé and Príncipe,ST-S,São Tomé,,Campo de milho,0.3544356,6.7183113,"",,Unspecified,"","",,,,,,,S80025234,"",,,,,Quelea erythrops,rehque1,Species,30647,,1.50,2,,3648,2736
302076511,Photo,Red-headed Quelea,Quelea erythrops,,Anonymous,2021-01-26,2021,1,26,0,São Tomé and Príncipe,ST-S,São Tomé,,Campo de milho,0.3544356,6.7183113,"",,Unspecified,"","",,,,,,,S80025234,"",,,,,Quelea erythrops,rehque1,Species,30647,,2.50,2,,3648,2736
302076481,Photo,Red-headed Quelea,Quelea erythrops,,Anonymous,2021-01-26,2021,1,26,0,São Tomé and Príncipe,ST-S,São Tomé,,Campo de milho,0.3544356,6.7183113,"",,Unspecified,"","",,,,,,,S80025234,"",,,,,Quelea erythrops,rehque1,Species,30647,,2.50,2,,3648,2736
302076471,Photo,Red-headed Quelea,Quelea erythrops,,Anonymous,2021-01-26,2021,1,26,0,São Tomé and Príncipe,ST-S,São Tomé,,Campo de milho,0.3544356,6.7183113,"","",Unspecified,"","",,,,,,,S80025234,"",,,,,Quelea erythrops,rehque1,Species,30647,,2.50,2,Nest,3648,2736
302076451,Photo,Red-headed Quelea,Quelea erythrops,,Anonymous,2021-01-26,2021,1,26,0,São Tomé and Príncipe,ST-S,São Tomé,,Campo de milho,0.3544356,6.7183113,"",,Unspecified,"","",,,,,,,S80025234,"",,,,,Quelea erythrops,rehque1,Species,30647,,1.00,2,,3648,2736
288007051,Photo,Red-headed Quelea,Quelea erythrops,,Andreas Boe,2018-01-19,2018,1,19,838,Ghana,GH-AA,Greater Accra,,Shai Hills Resource Reserve,5.9357041,0.0933838,"",,Unspecified,"","",,,,,,,S42419249,"",,,,,Quelea erythrops,rehque1,Species,30647,,2.00,2,,1500,2250
286537611,Photo,Red-headed Quelea,Quelea erythrops,,Clayton Burne I Rockjumper Birding Tours,2017-12-16,2017,12,16,600,South Africa,ZA-NL,Kwazulu-Natal,,Pietermaritzburg--Darvill Resources Park,-29.5986914,30.4364942,Adult Male – 1,"Courtship, Display, or Copulation; Vocalizing",Unspecified,"","",,,,,,,S77259720,"",,,,,Quelea erythrops,rehque1,Species,30647,,3.67,3,"",1648,2629
279131101,Photo,Red-headed Quelea,Quelea erythrops,,Antonio Xeira,2019-03-18,2019,3,18,700,Guinea-Bissau,GW-L,Leste,,Terrenos agrícolas de Bafatá,12.1567308,-14.6579504,Adult – 1,,Unspecified,"","",,,,,,,S54084246,"",,,,,Quelea erythrops,rehque1,Species,30647,,3.50,2,,1788,2384
273129041,Photo,Red-headed Quelea,Quelea erythrops,,Niall D Perrins,2020-10-17,2020,10,17,1506,South Africa,ZA-NL,Kwazulu-Natal,,Bluff,-29.9205768,31.0033860,Adult Male – 1,,Unspecified,"","",,,,,,,S75149065,"",,,,,Quelea erythrops,rehque1,Species,30647,,4.80,5,,1125,1688
273129031,Photo,Red-headed Quelea,Quelea erythrops,,Niall D Perrins,2020-10-17,2020,10,17,1506,South Africa,ZA-NL,Kwazulu-Natal,,Bluff,-29.9205768,31.0033860,Adult Female – 1,,Unspecified,"","",,,,,,,S75149065,"",,,,,Quelea erythrops,rehque1,Species,30647,,4.00,3,,1125,1688
273129011,Photo,Red-headed Quelea,Quelea erythrops,,Niall D Perrins,2020-10-17,2020,10,17,1506,South Africa,ZA-NL,Kwazulu-Natal,,Bluff,-29.9205768,31.0033860,Adult Male – 1,,Unspecified,"","",,,,,,,S75149065,"",,,,,Quelea erythrops,rehque1,Species,30647,,3.67,3,,1125,1687
255487161,Photo,Red-headed Quelea,Quelea erythrops,,Bernard Guévorts,2020-08-08,2020,8,8,641,Cameroon,CM-SU,South,,Foret long Lobé,2.8519475,9.9048467,"",,Unspecified,"","",,,,,,,S72205427,"",,,,,Quelea erythrops,rehque1,Species,30647,,2.50,2,,1194,1910
251018471,Photo,Red-headed Quelea,Quelea erythrops,,Thomas Bruneau,2020-07-19,2020,7,19,930,Mozambique,MZ-I,Inhambane,,Dunes de Dovela,-24.4373913,35.2448916,"",,Unspecified,"","",,,,,,,S71662173,"",,,,,Quelea erythrops,rehque1,Species,30647,,2.00,2,,3000,4000
246809251,Photo,Red-headed Quelea,Quelea erythrops,,Niall D Perrins,2011-12-05,2011,12,5,540,Mozambique,MZ-S,Sofala,,Rio Maria,-19.7977202,34.9609337,Adult Female – 1,,Unspecified,"","",,,,,,,S71010297,"",,,,,Quelea erythrops,rehque1,Species,30647,,4.33,6,,897,1196
246806341,Photo,Red-headed Quelea,Quelea erythrops,,Niall D Perrins,2011-12-04,2011,12,4,510,Mozambique,MZ-S,Sofala,,Rio Savanne Wetlands,-19.6646138,35.0889405,Adult Male – 1,,Unspecified,"","",,,,,,,S26226728,"",,,"Very extensive red on the chest, atypical",,Quelea erythrops,rehque1,Species,30647,,2.50,2,,525,700
242723671,Photo,Red-headed Quelea,Quelea erythrops,,Niall D Perrins,2011-09-30,2011,9,30,1100,South Africa,ZA-NL,Kwazulu-Natal,,Umhlanga,-29.7373747,31.0753012,Adult Male – 4,,Unspecified,"","",,,,,,,S70334962,"",,,,,Quelea erythrops,rehque1,Species,30647,,3.67,3,,600,800
241891431,Photo,Red-headed Quelea,Quelea erythrops,,Greg Baker,2020-01-25,2020,1,25,600,South Africa,ZA-NL,Kwazulu-Natal,,Zimanga GR,-27.5753379,31.9710195,"",,Unspecified,"","",,,,,,,S70194872,"",,,A female at a waterhole.,At the Timboti hide.,Quelea erythrops,rehque1,Species,30647,,3.33,3,,1957,2731
239032071,Photo,Red-headed Quelea,Quelea erythrops,,Greg Baker,2020-01-24,2020,1,24,515,South Africa,ZA-NL,Kwazulu-Natal,,Zimanga GR,-27.5753379,31.9710195,Adult Female – 1,,Unspecified,"","",,,,,,,S69667300,"",,,An adult female.,Again a flock in flight in front of the lodge plus a female at the Umgodi Hide (photos).,Quelea erythrops,rehque1,Species,30647,,3.67,3,,1759,2372
239032061,Photo,Red-headed Quelea,Quelea erythrops,,Greg Baker,2020-01-24,2020,1,24,515,South Africa,ZA-NL,Kwazulu-Natal,,Zimanga GR,-27.5753379,31.9710195,Adult Female – 1,,Unspecified,"","",,,,,,,S69667300,"",,,An adult female.,Again a flock in flight in front of the lodge plus a female at the Umgodi Hide (photos).,Quelea erythrops,rehque1,Species,30647,,3.67,3,,2018,1834
232784381,Photo,Red-headed Quelea,Quelea erythrops,,Raphaël Nussbaumer,2020-05-09,2020,5,9,1131,Kenya,KE-300,Coast,,Lake Jilore,-3.1970576,39.9005950,"",,Unspecified,"","",,,,,,,S68690429,"",,,,"at least. photo to come. with the many birshop x ind. - 12:25 - <a href=""http://maps.google.com?q=-3.195024,39.910238&t=k"">-4°48'18""N 39°54'37""E</a><br />",Quelea erythrops,rehque1,Species,30647,,1.50,2,,554,833
232784341,Photo,Red-headed Quelea,Quelea erythrops,,Raphaël Nussbaumer,2020-05-09,2020,5,9,1131,Kenya,KE-300,Coast,,Lake Jilore,-3.1970576,39.9005950,"",,Unspecified,"","",,,,,,,S68690429,"",,,,"at least. photo to come. with the many birshop x ind. - 12:25 - <a href=""http://maps.google.com?q=-3.195024,39.910238&t=k"">-4°48'18""N 39°54'37""E</a><br />",Quelea erythrops,rehque1,Species,30647,,1.00,3,,743,1117
232784301,Photo,Red-headed Quelea,Quelea erythrops,,Raphaël Nussbaumer,2020-05-09,2020,5,9,1131,Kenya,KE-300,Coast,,Lake Jilore,-3.1970576,39.9005950,"",,Unspecified,"","",,,,,,,S68690429,"",,,,"at least. photo to come. with the many birshop x ind. - 12:25 - <a href=""http://maps.google.com?q=-3.195024,39.910238&t=k"">-4°48'18""N 39°54'37""E</a><br />",Quelea erythrops,rehque1,Species,30647,,1.00,2,,445,667
231691891,Photo,Red-headed Quelea,Quelea erythrops,,Fabio Olmos,2008-07-12,2008,7,12,1510,Nigeria,NG-ED,Edo,,"Weppa Farm and Ogwe River, Agenebode",6.9500000,6.5833333,"",,Unspecified,"","",,,,,,,S32533007,"",,,,,Quelea erythrops,rehque1,Species,30647,,3.00,3,,1050,1575
228876641,Photo,Red-headed Quelea,Quelea erythrops,,Frédéric Bacuez,2019-07-27,2019,7,27,700,Uganda,UG-N,Northern,,Kidepo Valley NP--Kakine tour track,3.6942563,33.7476834,"",,Unspecified,"","",,,,,,,S65310236,"",,,,,Quelea erythrops,rehque1,Species,30647,,1.00,2,,800,1200
222213031,Photo,Red-headed Quelea,Quelea erythrops,,Niall D Perrins,2013-07-26,2013,7,26,643,Uganda,UG-W,Western,,Murchison Falls NP--Murchison Falls vicinity,2.2778744,31.6852187,"Adult Female – 10; Adult Male – 4",,Unspecified,"","",,,,,,,S66889604,"",,,,,Quelea erythrops,rehque1,Species,30647,,2.50,2,,906,1260
219525321,Photo,Red-headed Quelea,Quelea erythrops,,Niall D Perrins,2016-12-07,2016,12,7,726,Mozambique,MZ-S,Sofala,,Rio Savanne Wetlands,-19.6646138,35.0889405,Adult – 2,,Unspecified,"","",,,,,,,S33451953,"",,,,,Quelea erythrops,rehque1,Species,30647,,3.00,3,,1125,1688
216261701,Photo,Red-headed Quelea,Quelea erythrops,,Tony King,2005-11-29,2005,11,29,0,Congo,CG-12,Pool,,Lesio-Louna Reserve--Iboubikro and track to Mah,-3.2677754,15.4716039,Adult Female – 1,,Unspecified,"","",,,,,,,S65788500,"",,,,"Mist-netted. For details see: King, T. (2011). The birds of the Lesio-Louna and Lefini Reserves, Bat&#xfffd;k&#xfffd; Plateau, Republic of Congo. Malimbus, 33, 1-41. http://malimbus.org/contents/articles/V33/33001041.pdf",Quelea erythrops,rehque1,Species,30647,,3.67,3,,1001,1332
216261671,Photo,Red-headed Quelea,Quelea erythrops,,Tony King,2005-11-29,2005,11,29,0,Congo,CG-12,Pool,,Lesio-Louna Reserve--Iboubikro and track to Mah,-3.2677754,15.4716039,Adult Female – 1,"",Unspecified,"","",,,,,,,S65788500,"",,,,"Mist-netted. For details see: King, T. (2011). The birds of the Lesio-Louna and Lefini Reserves, Bat&#xfffd;k&#xfffd; Plateau, Republic of Congo. Malimbus, 33, 1-41. http://malimbus.org/contents/articles/V33/33001041.pdf",Quelea erythrops,rehque1,Species,30647,,3.67,3,In-hand,2179,1634
216261661,Photo,Red-headed Quelea,Quelea erythrops,,Tony King,2005-11-29,2005,11,29,0,Congo,CG-12,Pool,,Lesio-Louna Reserve--Iboubikro and track to Mah,-3.2677754,15.4716039,Adult Female – 1,"",Unspecified,"","",,,,,,,S65788500,"",,,,"Mist-netted. For details see: King, T. (2011). The birds of the Lesio-Louna and Lefini Reserves, Bat&#xfffd;k&#xfffd; Plateau, Republic of Congo. Malimbus, 33, 1-41. http://malimbus.org/contents/articles/V33/33001041.pdf",Quelea erythrops,rehque1,Species,30647,,4.00,4,In-hand,2179,1634
216225661,Photo,Red-headed Quelea,Quelea erythrops,,Niall D Perrins,2019-12-17,2019,12,17,1109,Mozambique,MZ-S,Sofala,,Miombo Woodland--Road to Gorongosa NP,-18.9401179,34.1470588,Adult Male – 1,,Unspecified,"","",,,,,,,S64622630,"",,,,,Quelea erythrops,rehque1,Species,30647,,1.50,2,,1125,1687
206008981,Photo,Red-headed Quelea,Quelea erythrops,,Lars Petersson | My World of Bird Photography,2017-09-26,2017,9,26,0,São Tomé and Príncipe,ST-S,São Tomé,,São Tomé International Airport,0.3783000,6.7122000,"",Foraging or Eating,Unspecified,"","",,IBC1425070,,,,,S65190330,"",,,"A wet Red-headed Quelea in non-breeding plumage foraging in the open area by the airport. Go to www.larsfoto.se for more than 4400 species of Birds on photo from São Tomé and Príncipe and all over the World!. Elevation: 12 m. Date added to IBC: October 23, 2017.",,Quelea erythrops,rehque1,Species,30647,,4.80,5,"",700,1000
205106631,Photo,Red-headed Quelea,Quelea erythrops,,Dubi Shapiro,2016-08-14,2016,8,14,0,Ghana,GH-AH,Ashanti,,Opuro River Forest Reserve,7.1664000,-1.8145000,"","",Unspecified,"","",,IBC1415735,,,,,S65093162,"",,,"Front views of a Male perched in scrubs . Elevation: 369 m. Date added to IBC: October 6, 2017.",,Quelea erythrops,rehque1,Species,30647,,4.86,7,Watermark,800,533
206174651,Photo,Red-headed Quelea,Quelea erythrops,,Frédéric PELSY,2015-10-11,2015,10,11,0,Uganda,UG-W,Western,,Queen Elizabeth II NP (Please use more precise location if possible),-0.1626739,30.0166462,"",Foraging or Eating,Unspecified,"","",,IBC1109891,,,,,S65202089,"",,,"A male eating on small seeds. Elevation: 1022 m. Date added to IBC: June 22, 2016.",,Quelea erythrops,rehque1,Species,30647,,3.60,5,"",567,850
205697801,Photo,Red-headed Quelea,Quelea erythrops,,Michael Zieger,2016-07-01,2016,7,1,0,Uganda,UG-N,Northern,,Kidepo Valley NP (Please use more specific location if possible),3.8368508,33.7651062,"",,Unspecified,"","",,IBC1260209,,,,,S65134068,"",,,"Bird in the reeds. Elevation: 1246 m. Date added to IBC: August 16, 2016.",,Quelea erythrops,rehque1,Species,30647,,3.00,4,,800,1200
205463971,Photo,Red-headed Quelea,Quelea erythrops,,Nik Borrow,2013-04-21,2013,4,21,0,Ghana,GH-CP,Central,,Kakum National Park,5.3500604,-1.3819599,"",Foraging or Eating,Unspecified,"","",,IBC1025186,,,,,S65120549,"",,,"male in non-breeding plumage feeding on grass seeds. See more photos on my website: http://www.nikborrow.com. Elevation: 163 m. Date added to IBC: June 21, 2016.",,Quelea erythrops,rehque1,Species,30647,,4.00,4,"",500,666
206112101,Photo,Red-headed Quelea,Quelea erythrops,,Arthur Grosset,2011-05-28,2011,5,28,0,Ghana,GH-CP,Central,,Kakum National Park,5.3500604,-1.3819599,"",,Unspecified,"","",,IBC984241,,,,,S65190310,"",,,"A male in non-breeding plumage. Elevation: 163 m. Date added to IBC: June 21, 2016.",,Quelea erythrops,rehque1,Species,30647,,4.00,5,,533,800
204590801,Photo,Red-headed Quelea,Quelea erythrops,,Marco Valentini,2016-07-02,2016,7,2,0,Uganda,UG-W,Western,,Queen Elizabeth II NP (Please use more precise location if possible),-0.1626739,30.0166462,"",,Unspecified,"","",,IBC1518063,,,,,S64995362,"",,,"Red-headed Quelea. Elevation: 995 m. Date added to IBC: September 16, 2018.",,Quelea erythrops,rehque1,Species,30647,,4.80,5,,1333,2000
205474441,Photo,Red-headed Quelea,Quelea erythrops,,Nik Borrow,2014-04-24,2014,4,24,0,Ghana,GH-EP,Eastern,,"Atewa Range (6.2006, -0.5727)",6.2006000,-0.5727000,"",,Unspecified,"","",,IBC1055813,,,,,S65121088,"",,,"non-breeding plumaged bird with a Bronze Mannikin. See more photos on my website: http://www.nikborrow.com. Elevation: 762 m. Date added to IBC: June 21, 2016.",,Quelea erythrops,rehque1,Species,30647,,4.00,5,,667,500
206441841,Photo,Red-headed Quelea,Quelea erythrops,,Marco Valentini,2016-07-02,2016,7,2,700,Uganda,UG-W,Western,,Murchison Falls NP--Woodland savannah,2.1530423,31.8293152,"",,Unspecified,"","",,,,,,,S63957533,"",,,,,Quelea erythrops,rehque1,Species,30647,,4.83,12,,1333,2000
198859151,Photo,Red-headed Quelea,Quelea erythrops,,Per Smith,2017-11-26,2017,11,26,1545,Ghana,GH-EP,Eastern,,Atewa--farm scrub and degraded forest,6.2293104,-0.5271194,"",,Unspecified,"","",,,,,,,S40769609,"",,,,,Quelea erythrops,rehque1,Species,30647,,2.75,4,,1376,1121
193621011,Photo,Red-headed Quelea,Quelea erythrops,,Peter Kaestner,2019-12-02,2019,12,2,1230,Sierra Leone,SL-W,Western Area (Freetown),,River No. 2 Beach,8.3341880,-13.2040260,"",,Unspecified,"","",,,,,,,S61941068,"",,,,,Quelea erythrops,rehque1,Species,30647,,2.67,3,,873,1309
179280301,Photo,Red-headed Quelea,Quelea erythrops,,Antoon De Vylder,2019-08-05,2019,8,5,710,Cameroon,CM-OU,West,,Lac Petpenoun,5.6362050,10.6378923,"",,Unspecified,"","",,,,,,,S60174820,"",,,,,Quelea erythrops,rehque1,Species,30647,,4.00,4,,1878,2835
179280291,Photo,Red-headed Quelea,Quelea erythrops,,Antoon De Vylder,2019-08-05,2019,8,5,710,Cameroon,CM-OU,West,,Lac Petpenoun,5.6362050,10.6378923,"",,Unspecified,"","",,,,,,,S60174820,"",,,,,Quelea erythrops,rehque1,Species,30647,,4.00,4,,1878,2835
179280281,Photo,Red-headed Quelea,Quelea erythrops,,Antoon De Vylder,2019-08-05,2019,8,5,710,Cameroon,CM-OU,West,,Lac Petpenoun,5.6362050,10.6378923,"",Foraging or Eating,Unspecified,"","",,,,,,,S60174820,"",,,,,Quelea erythrops,rehque1,Species,30647,,3.25,4,"",1878,2835
163957491,Photo,Red-headed Quelea,Quelea erythrops,,Stephen Gast,2014-06-10,2014,6,10,1600,Uganda,UG-W,Western,,Kafu Ranchlands,1.5660236,31.9939899,"",Vocalizing,Unspecified,"","",,,,,,,S38792372,"",,,,,Quelea erythrops,rehque1,Species,30647,,2.00,3,"",1002,1503
156184281,Photo,Red-headed Quelea,Quelea erythrops,,Krista Oswald,2019-04-05,2019,4,5,600,Mozambique,MZ-L,Maputo,,"Macaneta-- Wetland, dune forests and coast",-25.7350000,32.7230000,"",Flying,Unspecified,"","",,,,,,,S55854749,"",,,,,Quelea erythrops,rehque1,Species,30647,,2.50,4,Flock,1824,2736
155333081,Photo,Red-headed Quelea,Quelea erythrops,,Sue Oertli,2016-12-09,2016,12,9,550,Mozambique,MZ-S,Sofala,,Rio Savanne Wetlands,-19.6646138,35.0889405,Adult Male,,Unspecified,"","",,,,,,,S54538927,"",,,,Locally common and nomadic.,Quelea erythrops,rehque1,Species,30647,,2.67,3,,900,949
151196881,Photo,Red-headed Quelea,Quelea erythrops,,Craig Caldwell,2019-03-30,2019,3,30,620,Ghana,GH-CP,Central,,"Ebekawopa (Abrafo)--'farm scrub' habitat",5.3245900,-1.4044500,"",,Unspecified,"","",,,,,,,S54858375,"",,,"With back to camera; Bronze Mannikins also in photo",,Quelea erythrops,rehque1,Species,30647,,1.00,4,,2448,3264
149839241,Photo,Red-headed Quelea,Quelea erythrops,,Sue Oertli,2010-09-25,2010,9,25,603,South Africa,ZA-EC,Eastern Cape,,Nahoon Estuary Nature Reserve,-32.9826941,27.9396325,Juvenile Female,,Unspecified,"","",,,,,,,S54704769,"",,,,A locally common nomadic migrant that settled in the reserve in East London South Africa. .Red head that does not extend onto the brown streaked nape.,Quelea erythrops,rehque1,Species,30647,,3.00,4,,800,1200
147243401,Photo,Red-headed Quelea,Quelea erythrops,,Alain MATHURIN,2019-03-09,2019,3,9,700,Uganda,UG-N,Northern,,Murchison Falls NP--Pakuba,2.3337603,31.4664316,"",,Unspecified,"","",,,,,,,S54124247,"",,,,,Quelea erythrops,rehque1,Species,30647,,2.67,3,,,
132315311,Photo,Red-headed Quelea,Quelea erythrops,,Bruce Ward-Smith,2014-12-17,2014,12,17,1249,Mozambique,MZ-S,Sofala,,Rio Maria,-19.7977202,34.9609337,"",,Unspecified,"","",,,,,,,S35177638,"",,,,,Quelea erythrops,rehque1,Species,30647,,2.67,3,,900,1200
132293271,Photo,Red-headed Quelea,Quelea erythrops,,Shailesh Pinto,2018-03-03,2018,3,3,1000,South Africa,ZA-NL,Kwazulu-Natal,,Umkhumbi Lodge,-27.9053800,32.3625530,Adult Male,,Unspecified,"","",,,,,,,S44038517,"",,,,Along the highway after exiting the lodge,Quelea erythrops,rehque1,Species,30647,,3.25,4,,2241,3208
124431051,Photo,Red-headed Quelea,Quelea erythrops,,Nick Hudson,2018-11-11,2018,11,11,715,Mozambique,MZ-S,Sofala,,Dondo to Semacuesa,-19.3756640,34.7075690,"",,Unspecified,"","",,,,,,,S50041935,"",,,,,Quelea erythrops,rehque1,Species,30647,,2.33,3,,3456,4608
124431001,Photo,Red-headed Quelea,Quelea erythrops,,Nick Hudson,2018-11-11,2018,11,11,715,Mozambique,MZ-S,Sofala,,Dondo to Semacuesa,-19.3756640,34.7075690,"",,Unspecified,"","",,,,,,,S50041935,"",,,,,Quelea erythrops,rehque1,Species,30647,,2.75,4,,1825,2433
124429681,Photo,Red-headed Quelea,Quelea erythrops,,Nick Hudson,2018-11-10,2018,11,10,1114,Mozambique,MZ-S,Sofala,,Rio Savanne Wetlands,-19.6646138,35.0889405,"",,Unspecified,"","",,,,,,,S49826758,"",,,,,Quelea erythrops,rehque1,Species,30647,,2.67,3,,2111,2815
111336141,Photo,Red-headed Quelea,Quelea erythrops,,Ian Davies,2018-07-24,2018,7,24,727,Uganda,UG-W,Western,,Murchison Falls NP--Nile Safari Lodge,2.2522264,31.5201563,"",,Unspecified,"","",,,,,,,S47633758,"",,,,likely more mixed in with quelea flocks moving overhead,Quelea erythrops,rehque1,Species,30647,,1.75,4,,1367,2912
111336111,Photo,Red-headed Quelea,Quelea erythrops,,Ian Davies,2018-07-24,2018,7,24,727,Uganda,UG-W,Western,,Murchison Falls NP--Nile Safari Lodge,2.2522264,31.5201563,"",,Unspecified,"","",,,,,,,S47633758,"",,,,likely more mixed in with quelea flocks moving overhead,Quelea erythrops,rehque1,Species,30647,,2.25,4,,1367,2912
108162691,Photo,Red-headed Quelea,Quelea erythrops,,Gil Ewing,2018-07-03,2018,7,3,1540,Uganda,UG-W,Western,,Farmbush just outside Budongo Forest,1.6818682,31.5406322,"","",Unspecified,"","",,,,,,,S46972475,"",,,Photo shows a distant small flock in the tall grass.,Flock included one breeding-plumaged adult male.,Quelea erythrops,rehque1,Species,30647,,1.50,4,Multiple species,1322,2008
88119431,Photo,Red-headed Quelea,Quelea erythrops,,Don Roberson,2013-12-17,2013,12,17,630,Ghana,GH-AH,Ashanti,,Bobiri Butterfly Sanctuary,6.6867100,-1.3442100,"",,Unspecified,"","",,,,,,,S16443066,"",,,digiscoped,"a half-dozen very plain 'finchy-birds' proved difficult, but I have photos. D. Erterius determined after the trip these were this species",Quelea erythrops,rehque1,Species,30647,,2.50,4,,1574,1884
81736141,Photo,Red-headed Quelea,Quelea erythrops,,Daryl Dell,2009-03-04,2009,3,4,0,South Africa,ZA-NL,Kwazulu-Natal,,Phinda GR--Airfield,-27.8591110,32.3086166,"",,Unspecified,"","",,,,,,,S41873891,"",,,,,Quelea erythrops,rehque1,Species,30647,,3.33,6,,2716,1810
77725861,Photo,Red-headed Quelea,Quelea erythrops,,Brad Arthur,2017-12-09,2017,12,9,700,South Africa,ZA-NL,Kwazulu-Natal,,Amatikulu NR,-29.1186490,31.6021660,Adult Male,,Unspecified,"","",,,,,,,S40986690,"",,,,Large flock seen at the start of the 4x4 trail. 50-80 birds,Quelea erythrops,rehque1,Species,30647,,3.78,9,,1728,2385
77629731,Photo,Red-headed Quelea,Quelea erythrops,,Brad Arthur,2017-12-09,2017,12,9,700,South Africa,ZA-NL,Kwazulu-Natal,,Amatikulu NR,-29.1186490,31.6021660,"",,Unspecified,"","",,,,,,,S40986690,"",,,,Large flock seen at the start of the 4x4 trail. 50-80 birds,Quelea erythrops,rehque1,Species,30647,,2.83,6,,3456,4608
77629671,Photo,Red-headed Quelea,Quelea erythrops,,Brad Arthur,2017-12-09,2017,12,9,700,South Africa,ZA-NL,Kwazulu-Natal,,Amatikulu NR,-29.1186490,31.6021660,Adult Male,,Unspecified,"","",,,,,,,S40986690,"",,,,Large flock seen at the start of the 4x4 trail. 50-80 birds,Quelea erythrops,rehque1,Species,30647,,3.67,6,,1600,2197
74225151,Photo,Red-headed Quelea,Quelea erythrops,,Bassel Abi Jummaa,2014-12-25,2014,12,25,0,Mozambique,MZ-P,Cabo Delgado,,Afungi peninsula woodlands,-10.8046001,40.5054975,"",,Unspecified,"","",,,,,,,S40322279,"",,,,,Quelea erythrops,rehque1,Species,30647,,3.17,6,,768,947
65649451,Photo,Red-headed Quelea,Quelea erythrops,,Francis Yap,2011-05-29,2011,5,29,1621,Singapore,SG-,Singapore,,"Lorong Halus Wetland (inc. Serangoon Reservoir and former 'Serangoon')",1.3957264,103.9257288,"",,Unspecified,"","",,,,,,,S38556874,"",,,,,Quelea erythrops,rehque1,Species,30647,,2.00,1,,1200,800
37638051,Photo,Red-headed Quelea,Quelea erythrops,,Justyn Stahl,2007-06-05,2007,6,5,0,Tanzania,TZ-02,Dar es Salaam,,east of Dar,-6.8608150,39.3714380,"","",Unspecified,"","",,,,,,,S7389209,"",,,,,Quelea erythrops,rehque1,Species,30647,,3.43,7,"Flock; Habitat; Watermark",683,1024
33383081,Photo,Red-headed Quelea,Quelea erythrops,,Justyn Stahl,2007-06-05,2007,6,5,0,Tanzania,TZ-02,Dar es Salaam,,east of Dar,-6.8608150,39.3714380,Adult Male,,Unspecified,"","",,,,,,,S7389209,"",,,,,Quelea erythrops,rehque1,Species,30647,,2.75,4,,1074,789
21370641,Photo,Red-headed Quelea,Quelea erythrops,,Daryl Dell,2009-03-04,2009,3,4,700,South Africa,ZA-NL,Kwazulu-Natal,,"Mzinene River, Phinda Private Game Reserve",-27.8787819,32.3324713,"","",Unspecified,"","",,,,,,,S26011362,"",,,,,Quelea erythrops,rehque1,Species,30647,,3.43,7,"Nest; Watermark",2000,1333
